 -3.5000E+01  5.2010E-05
 -3.4988E+01  5.2105E-05
 -3.4976E+01  5.9061E-05
 -3.4964E+01  7.3634E-05
 -3.4952E+01  9.6035E-05
 -3.4940E+01  1.2590E-04
 -3.4929E+01  1.6232E-04
 -3.4917E+01  2.0393E-04
 -3.4905E+01  2.4901E-04
 -3.4893E+01  2.9574E-04
 -3.4881E+01  3.4236E-04
 -3.4869E+01  3.8742E-04
 -3.4857E+01  4.3003E-04
 -3.4845E+01  4.7002E-04
 -3.4833E+01  5.0810E-04
 -3.4821E+01  5.4596E-04
 -3.4809E+01  5.8624E-04
 -3.4798E+01  6.3243E-04
 -3.4786E+01  6.8875E-04
 -3.4774E+01  7.5978E-04
 -3.4762E+01  8.5023E-04
 -3.4750E+01  9.6452E-04
 -3.4738E+01  1.1064E-03
 -3.4726E+01  1.2786E-03
 -3.4714E+01  1.4823E-03
 -3.4702E+01  1.7172E-03
 -3.4690E+01  1.9810E-03
 -3.4678E+01  2.2696E-03
 -3.4667E+01  2.5769E-03
 -3.4655E+01  2.8951E-03
 -3.4643E+01  3.2150E-03
 -3.4631E+01  3.5265E-03
 -3.4619E+01  3.8190E-03
 -3.4607E+01  4.0817E-03
 -3.4595E+01  4.3049E-03
 -3.4583E+01  4.4797E-03
 -3.4571E+01  4.5991E-03
 -3.4559E+01  4.6582E-03
 -3.4547E+01  4.6546E-03
 -3.4536E+01  4.5883E-03
 -3.4524E+01  4.4620E-03
 -3.4512E+01  4.2807E-03
 -3.4500E+01  4.0516E-03
 -3.4488E+01  3.7834E-03
 -3.4476E+01  3.4863E-03
 -3.4464E+01  3.1709E-03
 -3.4452E+01  2.8478E-03
 -3.4440E+01  2.5273E-03
 -3.4428E+01  2.2186E-03
 -3.4416E+01  1.9296E-03
 -3.4405E+01  1.6665E-03
 -3.4393E+01  1.4334E-03
 -3.4381E+01  1.2328E-03
 -3.4369E+01  1.0649E-03
 -3.4357E+01  9.2843E-04
 -3.4345E+01  8.2065E-04
 -3.4333E+01  7.3764E-04
 -3.4321E+01  6.7476E-04
 -3.4309E+01  6.2705E-04
 -3.4297E+01  5.8959E-04
 -3.4285E+01  5.5788E-04
 -3.4274E+01  5.2809E-04
 -3.4262E+01  4.9727E-04
 -3.4250E+01  4.6347E-04
 -3.4238E+01  4.2572E-04
 -3.4226E+01  3.8403E-04
 -3.4214E+01  3.3920E-04
 -3.4202E+01  2.9266E-04
 -3.4190E+01  2.4622E-04
 -3.4178E+01  2.0186E-04
 -3.4166E+01  1.6150E-04
 -3.4154E+01  1.2676E-04
 -3.4143E+01  9.8884E-05
 -3.4131E+01  7.8548E-05
 -3.4119E+01  6.5866E-05
 -3.4107E+01  6.0381E-05
 -3.4095E+01  6.1133E-05
 -3.4083E+01  6.6763E-05
 -3.4071E+01  7.5652E-05
 -3.4059E+01  8.6080E-05
 -3.4047E+01  9.6375E-05
 -3.4035E+01  1.0506E-04
 -3.4023E+01  1.1099E-04
 -3.4012E+01  1.1338E-04
 -3.4000E+01  1.1191E-04
 -3.3988E+01  1.0671E-04
 -3.3976E+01  9.8271E-05
 -3.3964E+01  8.7431E-05
 -3.3952E+01  7.5244E-05
 -3.3940E+01  6.2872E-05
 -3.3928E+01  5.1467E-05
 -3.3916E+01  4.2064E-05
 -3.3904E+01  3.5486E-05
 -3.3892E+01  3.2275E-05
 -3.3881E+01  3.2655E-05
 -3.3869E+01  3.6522E-05
 -3.3857E+01  4.3466E-05
 -3.3845E+01  5.2823E-05
 -3.3833E+01  6.3740E-05
 -3.3821E+01  7.5262E-05
 -3.3809E+01  8.6418E-05
 -3.3797E+01  9.6306E-05
 -3.3785E+01  1.0417E-04
 -3.3773E+01  1.0945E-04
 -3.3761E+01  1.1182E-04
 -3.3750E+01  1.1121E-04
 -3.3738E+01  1.0778E-04
 -3.3726E+01  1.0190E-04
 -3.3714E+01  9.4076E-05
 -3.3702E+01  8.4938E-05
 -3.3690E+01  7.5137E-05
 -3.3678E+01  6.5302E-05
 -3.3666E+01  5.5984E-05
 -3.3654E+01  4.7620E-05
 -3.3642E+01  4.0501E-05
 -3.3630E+01  3.4765E-05
 -3.3619E+01  3.0407E-05
 -3.3607E+01  2.7294E-05
 -3.3595E+01  2.5194E-05
 -3.3583E+01  2.3822E-05
 -3.3571E+01  2.2869E-05
 -3.3559E+01  2.2046E-05
 -3.3547E+01  2.1110E-05
 -3.3535E+01  1.9895E-05
 -3.3523E+01  1.8313E-05
 -3.3511E+01  1.6366E-05
 -3.3499E+01  1.4129E-05
 -3.3488E+01  1.1734E-05
 -3.3476E+01  9.3504E-06
 -3.3464E+01  7.1532E-06
 -3.3452E+01  5.3025E-06
 -3.3440E+01  3.9198E-06
 -3.3428E+01  3.0733E-06
 -3.3416E+01  2.7704E-06
 -3.3404E+01  2.9582E-06
 -3.3392E+01  3.5320E-06
 -3.3380E+01  4.3492E-06
 -3.3368E+01  5.2491E-06
 -3.3357E+01  6.0729E-06
 -3.3345E+01  6.6840E-06
 -3.3333E+01  6.9845E-06
 -3.3321E+01  6.9266E-06
 -3.3309E+01  6.5178E-06
 -3.3297E+01  5.8183E-06
 -3.3285E+01  4.9323E-06
 -3.3273E+01  3.9936E-06
 -3.3261E+01  3.1475E-06
 -3.3249E+01  2.5310E-06
 -3.3237E+01  2.2549E-06
 -3.3226E+01  2.3884E-06
 -3.3214E+01  2.9496E-06
 -3.3202E+01  3.9018E-06
 -3.3190E+01  5.1577E-06
 -3.3178E+01  6.5890E-06
 -3.3166E+01  8.0414E-06
 -3.3154E+01  9.3538E-06
 -3.3142E+01  1.0377E-05
 -3.3130E+01  1.0994E-05
 -3.3118E+01  1.1133E-05
 -3.3106E+01  1.0776E-05
 -3.3095E+01  9.9673E-06
 -3.3083E+01  8.8031E-06
 -3.3071E+01  7.4249E-06
 -3.3059E+01  6.0024E-06
 -3.3047E+01  4.7135E-06
 -3.3035E+01  3.7233E-06
 -3.3023E+01  3.1640E-06
 -3.3011E+01  3.1184E-06
 -3.2999E+01  3.6090E-06
 -3.2987E+01  4.5942E-06
 -3.2976E+01  5.9723E-06
 -3.2964E+01  7.5929E-06
 -3.2952E+01  9.2738E-06
 -3.2940E+01  1.0823E-05
 -3.2928E+01  1.2063E-05
 -3.2916E+01  1.2851E-05
 -3.2904E+01  1.3098E-05
 -3.2892E+01  1.2782E-05
 -3.2880E+01  1.1953E-05
 -3.2868E+01  1.0730E-05
 -3.2856E+01  9.2848E-06
 -3.2845E+01  7.8306E-06
 -3.2833E+01  6.5925E-06
 -3.2821E+01  5.7830E-06
 -3.2809E+01  5.5759E-06
 -3.2797E+01  6.0841E-06
 -3.2785E+01  7.3424E-06
 -3.2773E+01  9.3006E-06
 -3.2761E+01  1.1824E-05
 -3.2749E+01  1.4707E-05
 -3.2737E+01  1.7691E-05
 -3.2725E+01  2.0491E-05
 -3.2714E+01  2.2829E-05
 -3.2702E+01  2.4467E-05
 -3.2690E+01  2.5227E-05
 -3.2678E+01  2.5023E-05
 -3.2666E+01  2.3867E-05
 -3.2654E+01  2.1873E-05
 -3.2642E+01  1.9248E-05
 -3.2630E+01  1.6274E-05
 -3.2618E+01  1.3274E-05
 -3.2606E+01  1.0584E-05
 -3.2594E+01  8.5163E-06
 -3.2583E+01  7.3195E-06
 -3.2571E+01  7.1557E-06
 -3.2559E+01  8.0781E-06
 -3.2547E+01  1.0022E-05
 -3.2535E+01  1.2811E-05
 -3.2523E+01  1.6171E-05
 -3.2511E+01  1.9758E-05
 -3.2499E+01  2.3199E-05
 -3.2487E+01  2.6124E-05
 -3.2475E+01  2.8218E-05
 -3.2463E+01  2.9244E-05
 -3.2452E+01  2.9083E-05
 -3.2440E+01  2.7741E-05
 -3.2428E+01  2.5353E-05
 -3.2416E+01  2.2172E-05
 -3.2404E+01  1.8540E-05
 -3.2392E+01  1.4852E-05
 -3.2380E+01  1.1514E-05
 -3.2368E+01  8.8977E-06
 -3.2356E+01  7.2972E-06
 -3.2344E+01  6.8958E-06
 -3.2332E+01  7.7438E-06
 -3.2321E+01  9.7506E-06
 -3.2309E+01  1.2693E-05
 -3.2297E+01  1.6238E-05
 -3.2285E+01  1.9979E-05
 -3.2273E+01  2.3484E-05
 -3.2261E+01  2.6342E-05
 -3.2249E+01  2.8215E-05
 -3.2237E+01  2.8877E-05
 -3.2225E+01  2.8249E-05
 -3.2213E+01  2.6406E-05
 -3.2201E+01  2.3579E-05
 -3.2190E+01  2.0130E-05
 -3.2178E+01  1.6515E-05
 -3.2166E+01  1.3236E-05
 -3.2154E+01  1.0780E-05
 -3.2142E+01  9.5652E-06
 -3.2130E+01  9.8938E-06
 -3.2118E+01  1.1912E-05
 -3.2106E+01  1.5590E-05
 -3.2094E+01  2.0726E-05
 -3.2082E+01  2.6967E-05
 -3.2070E+01  3.3849E-05
 -3.2059E+01  4.0854E-05
 -3.2047E+01  4.7475E-05
 -3.2035E+01  5.3288E-05
 -3.2023E+01  5.8008E-05
 -3.2011E+01  6.1541E-05
 -3.1999E+01  6.4011E-05
 -3.1987E+01  6.5760E-05
 -3.1975E+01  6.7323E-05
 -3.1963E+01  6.9378E-05
 -3.1951E+01  7.2668E-05
 -3.1939E+01  7.7913E-05
 -3.1928E+01  8.5713E-05
 -3.1916E+01  9.6458E-05
 -3.1904E+01  1.1025E-04
 -3.1892E+01  1.2686E-04
 -3.1880E+01  1.4569E-04
 -3.1868E+01  1.6582E-04
 -3.1856E+01  1.8605E-04
 -3.1844E+01  2.0500E-04
 -3.1832E+01  2.2121E-04
 -3.1820E+01  2.3330E-04
 -3.1808E+01  2.4012E-04
 -3.1797E+01  2.4086E-04
 -3.1785E+01  2.3514E-04
 -3.1773E+01  2.2315E-04
 -3.1761E+01  2.0561E-04
 -3.1749E+01  1.8376E-04
 -3.1737E+01  1.5931E-04
 -3.1725E+01  1.3426E-04
 -3.1713E+01  1.1077E-04
 -3.1701E+01  9.0936E-05
 -3.1689E+01  7.6616E-05
 -3.1677E+01  6.9221E-05
 -3.1666E+01  6.9570E-05
 -3.1654E+01  7.7784E-05
 -3.1642E+01  9.3246E-05
 -3.1630E+01  1.1463E-04
 -3.1618E+01  1.4000E-04
 -3.1606E+01  1.6700E-04
 -3.1594E+01  1.9302E-04
 -3.1582E+01  2.1550E-04
 -3.1570E+01  2.3216E-04
 -3.1558E+01  2.4125E-04
 -3.1546E+01  2.4176E-04
 -3.1535E+01  2.3354E-04
 -3.1523E+01  2.1743E-04
 -3.1511E+01  1.9516E-04
 -3.1499E+01  1.6930E-04
 -3.1487E+01  1.4302E-04
 -3.1475E+01  1.1986E-04
 -3.1463E+01  1.0339E-04
 -3.1451E+01  9.6863E-05
 -3.1439E+01  1.0293E-04
 -3.1427E+01  1.2334E-04
 -3.1415E+01  1.5874E-04
 -3.1404E+01  2.0860E-04
 -3.1392E+01  2.7122E-04
 -3.1380E+01  3.4388E-04
 -3.1368E+01  4.2311E-04
 -3.1356E+01  5.0503E-04
 -3.1344E+01  5.8580E-04
 -3.1332E+01  6.6204E-04
 -3.1320E+01  7.3135E-04
 -3.1308E+01  7.9263E-04
 -3.1296E+01  8.4646E-04
 -3.1284E+01  8.9521E-04
 -3.1273E+01  9.4315E-04
 -3.1261E+01  9.9625E-04
 -3.1249E+01  1.0619E-03
 -3.1237E+01  1.1484E-03
 -3.1225E+01  1.2644E-03
 -3.1213E+01  1.4183E-03
 -3.1201E+01  1.6174E-03
 -3.1189E+01  1.8670E-03
 -3.1177E+01  2.1701E-03
 -3.1165E+01  2.5269E-03
 -3.1153E+01  2.9342E-03
 -3.1142E+01  3.3853E-03
 -3.1130E+01  3.8704E-03
 -3.1118E+01  4.3766E-03
 -3.1106E+01  4.8889E-03
 -3.1094E+01  5.3903E-03
 -3.1082E+01  5.8634E-03
 -3.1070E+01  6.2908E-03
 -3.1058E+01  6.6562E-03
 -3.1046E+01  6.9454E-03
 -3.1034E+01  7.1469E-03
 -3.1022E+01  7.2529E-03
 -3.1011E+01  7.2593E-03
 -3.0999E+01  7.1661E-03
 -3.0987E+01  6.9776E-03
 -3.0975E+01  6.7017E-03
 -3.0963E+01  6.3498E-03
 -3.0951E+01  5.9360E-03
 -3.0939E+01  5.4761E-03
 -3.0927E+01  4.9869E-03
 -3.0915E+01  4.4854E-03
 -3.0903E+01  3.9875E-03
 -3.0891E+01  3.5076E-03
 -3.0880E+01  3.0577E-03
 -3.0868E+01  2.6470E-03
 -3.0856E+01  2.2819E-03
 -3.0844E+01  1.9654E-03
 -3.0832E+01  1.6978E-03
 -3.0820E+01  1.4769E-03
 -3.0808E+01  1.2983E-03
 -3.0796E+01  1.1561E-03
 -3.0784E+01  1.0436E-03
 -3.0772E+01  9.5373E-04
 -3.0760E+01  8.7954E-04
 -3.0749E+01  8.1496E-04
 -3.0737E+01  7.5488E-04
 -3.0725E+01  6.9552E-04
 -3.0713E+01  6.3446E-04
 -3.0701E+01  5.7065E-04
 -3.0689E+01  5.0425E-04
 -3.0677E+01  4.3642E-04
 -3.0665E+01  3.6900E-04
 -3.0653E+01  3.0424E-04
 -3.0641E+01  2.4447E-04
 -3.0629E+01  1.9178E-04
 -3.0618E+01  1.4783E-04
 -3.0606E+01  1.1365E-04
 -3.0594E+01  8.9580E-05
 -3.0582E+01  7.5244E-05
 -3.0570E+01  6.9617E-05
 -3.0558E+01  7.1147E-05
 -3.0546E+01  7.7921E-05
 -3.0534E+01  8.7849E-05
 -3.0522E+01  9.8856E-05
 -3.0510E+01  1.0905E-04
 -3.0498E+01  1.1689E-04
 -3.0487E+01  1.2126E-04
 -3.0475E+01  1.2155E-04
 -3.0463E+01  1.1763E-04
 -3.0451E+01  1.0988E-04
 -3.0439E+01  9.9029E-05
 -3.0427E+01  8.6107E-05
 -3.0415E+01  7.2294E-05
 -3.0403E+01  5.8802E-05
 -3.0391E+01  4.6745E-05
 -3.0379E+01  3.7045E-05
 -3.0367E+01  3.0349E-05
 -3.0356E+01  2.6991E-05
 -3.0344E+01  2.6982E-05
 -3.0332E+01  3.0029E-05
 -3.0320E+01  3.5588E-05
 -3.0308E+01  4.2930E-05
 -3.0296E+01  5.1225E-05
 -3.0284E+01  5.9620E-05
 -3.0272E+01  6.7324E-05
 -3.0260E+01  7.3666E-05
 -3.0248E+01  7.8151E-05
 -3.0236E+01  8.0480E-05
 -3.0225E+01  8.0564E-05
 -3.0213E+01  7.8508E-05
 -3.0201E+01  7.4584E-05
 -3.0189E+01  6.9185E-05
 -3.0177E+01  6.2781E-05
 -3.0165E+01  5.5867E-05
 -3.0153E+01  4.8910E-05
 -3.0141E+01  4.2317E-05
 -3.0129E+01  3.6400E-05
 -3.0117E+01  3.1359E-05
 -3.0105E+01  2.7281E-05
 -3.0094E+01  2.4147E-05
 -3.0082E+01  2.1850E-05
 -3.0070E+01  2.0221E-05
 -3.0058E+01  1.9056E-05
 -3.0046E+01  1.8146E-05
 -3.0034E+01  1.7305E-05
 -3.0022E+01  1.6384E-05
 -3.0010E+01  1.5288E-05
 -2.9998E+01  1.3980E-05
 -2.9986E+01  1.2478E-05
 -2.9974E+01  1.0845E-05
 -2.9963E+01  9.1776E-06
 -2.9951E+01  7.5885E-06
 -2.9939E+01  6.1882E-06
 -2.9927E+01  5.0709E-06
 -2.9915E+01  4.3019E-06
 -2.9903E+01  3.9095E-06
 -2.9891E+01  3.8826E-06
 -2.9879E+01  4.1726E-06
 -2.9867E+01  4.7007E-06
 -2.9855E+01  5.3675E-06
 -2.9843E+01  6.0657E-06
 -2.9832E+01  6.6919E-06
 -2.9820E+01  7.1587E-06
 -2.9808E+01  7.4031E-06
 -2.9796E+01  7.3924E-06
 -2.9784E+01  7.1259E-06
 -2.9772E+01  6.6330E-06
 -2.9760E+01  5.9681E-06
 -2.9748E+01  5.2026E-06
 -2.9736E+01  4.4158E-06
 -2.9724E+01  3.6853E-06
 -2.9712E+01  3.0782E-06
 -2.9701E+01  2.6437E-06
 -2.9689E+01  2.4085E-06
 -2.9677E+01  2.3750E-06
 -2.9665E+01  2.5220E-06
 -2.9653E+01  2.8086E-06
 -2.9641E+01  3.1796E-06
 -2.9629E+01  3.5729E-06
 -2.9617E+01  3.9267E-06
 -2.9605E+01  4.1868E-06
 -2.9593E+01  4.3127E-06
 -2.9581E+01  4.2813E-06
 -2.9570E+01  4.0892E-06
 -2.9558E+01  3.7515E-06
 -2.9546E+01  3.2999E-06
 -2.9534E+01  2.7779E-06
 -2.9522E+01  2.2354E-06
 -2.9510E+01  1.7227E-06
 -2.9498E+01  1.2848E-06
 -2.9486E+01  9.5645E-07
 -2.9474E+01  7.5902E-07
 -2.9462E+01  6.9839E-07
 -2.9450E+01  7.6524E-07
 -2.9439E+01  9.3671E-07
 -2.9427E+01  1.1797E-06
 -2.9415E+01  1.4551E-06
 -2.9403E+01  1.7224E-06
 -2.9391E+01  1.9446E-06
 -2.9379E+01  2.0921E-06
 -2.9367E+01  2.1461E-06
 -2.9355E+01  2.0999E-06
 -2.9343E+01  1.9596E-06
 -2.9331E+01  1.7424E-06
 -2.9319E+01  1.4749E-06
 -2.9308E+01  1.1887E-06
 -2.9296E+01  9.1754E-07
 -2.9284E+01  6.9257E-07
 -2.9272E+01  5.3927E-07
 -2.9260E+01  4.7453E-07
 -2.9248E+01  5.0508E-07
 -2.9236E+01  6.2697E-07
 -2.9224E+01  8.2636E-07
 -2.9212E+01  1.0812E-06
 -2.9200E+01  1.3641E-06
 -2.9188E+01  1.6451E-06
 -2.9177E+01  1.8953E-06
 -2.9165E+01  2.0896E-06
 -2.9153E+01  2.2096E-06
 -2.9141E+01  2.2451E-06
 -2.9129E+01  2.1946E-06
 -2.9117E+01  2.0660E-06
 -2.9105E+01  1.8744E-06
 -2.9093E+01  1.6409E-06
 -2.9081E+01  1.3896E-06
 -2.9069E+01  1.1454E-06
 -2.9058E+01  9.3077E-07
 -2.9046E+01  7.6384E-07
 -2.9034E+01  6.5654E-07
 -2.9022E+01  6.1364E-07
 -2.9010E+01  6.3264E-07
 -2.8998E+01  7.0443E-07
 -2.8986E+01  8.1464E-07
 -2.8974E+01  9.4552E-07
 -2.8962E+01  1.0780E-06
 -2.8950E+01  1.1941E-06
 -2.8938E+01  1.2785E-06
 -2.8927E+01  1.3204E-06
 -2.8915E+01  1.3145E-06
 -2.8903E+01  1.2612E-06
 -2.8891E+01  1.1664E-06
 -2.8879E+01  1.0407E-06
 -2.8867E+01  8.9801E-07
 -2.8855E+01  7.5361E-07
 -2.8843E+01  6.2263E-07
 -2.8831E+01  5.1821E-07
 -2.8819E+01  4.5007E-07
 -2.8807E+01  4.2345E-07
 -2.8796E+01  4.3870E-07
 -2.8784E+01  4.9133E-07
 -2.8772E+01  5.7264E-07
 -2.8760E+01  6.7084E-07
 -2.8748E+01  7.7250E-07
 -2.8736E+01  8.6407E-07
 -2.8724E+01  9.3352E-07
 -2.8712E+01  9.7169E-07
 -2.8700E+01  9.7332E-07
 -2.8688E+01  9.3769E-07
 -2.8676E+01  8.6872E-07
 -2.8665E+01  7.7455E-07
 -2.8653E+01  6.6672E-07
 -2.8641E+01  5.5891E-07
 -2.8629E+01  4.6546E-07
 -2.8617E+01  3.9986E-07
 -2.8605E+01  3.7321E-07
 -2.8593E+01  3.9304E-07
 -2.8581E+01  4.6243E-07
 -2.8569E+01  5.7961E-07
 -2.8557E+01  7.3816E-07
 -2.8545E+01  9.2765E-07
 -2.8534E+01  1.1348E-06
 -2.8522E+01  1.3451E-06
 -2.8510E+01  1.5443E-06
 -2.8498E+01  1.7202E-06
 -2.8486E+01  1.8644E-06
 -2.8474E+01  1.9735E-06
 -2.8462E+01  2.0495E-06
 -2.8450E+01  2.1004E-06
 -2.8438E+01  2.1395E-06
 -2.8426E+01  2.1844E-06
 -2.8414E+01  2.2554E-06
 -2.8403E+01  2.3731E-06
 -2.8391E+01  2.5567E-06
 -2.8379E+01  2.8209E-06
 -2.8367E+01  3.1742E-06
 -2.8355E+01  3.6169E-06
 -2.8343E+01  4.1403E-06
 -2.8331E+01  4.7260E-06
 -2.8319E+01  5.3468E-06
 -2.8307E+01  5.9682E-06
 -2.8295E+01  6.5510E-06
 -2.8283E+01  7.0543E-06
 -2.8272E+01  7.4390E-06
 -2.8260E+01  7.6721E-06
 -2.8248E+01  7.7298E-06
 -2.8236E+01  7.6007E-06
 -2.8224E+01  7.2881E-06
 -2.8212E+01  6.8106E-06
 -2.8200E+01  6.2023E-06
 -2.8188E+01  5.5106E-06
 -2.8176E+01  4.7935E-06
 -2.8164E+01  4.1150E-06
 -2.8152E+01  3.5401E-06
 -2.8141E+01  3.1291E-06
 -2.8129E+01  2.9319E-06
 -2.8117E+01  2.9829E-06
 -2.8105E+01  3.2965E-06
 -2.8093E+01  3.8645E-06
 -2.8081E+01  4.6555E-06
 -2.8069E+01  5.6161E-06
 -2.8057E+01  6.6745E-06
 -2.8045E+01  7.7461E-06
 -2.8033E+01  8.7414E-06
 -2.8021E+01  9.5737E-06
 -2.8010E+01  1.0169E-05
 -2.7998E+01  1.0474E-05
 -2.7986E+01  1.0463E-05
 -2.7974E+01  1.0145E-05
 -2.7962E+01  9.5635E-06
 -2.7950E+01  8.7993E-06
 -2.7938E+01  7.9639E-06
 -2.7926E+01  7.1935E-06
 -2.7914E+01  6.6396E-06
 -2.7902E+01  6.4570E-06
 -2.7890E+01  6.7908E-06
 -2.7879E+01  7.7638E-06
 -2.7867E+01  9.4647E-06
 -2.7855E+01  1.1939E-05
 -2.7843E+01  1.5185E-05
 -2.7831E+01  1.9151E-05
 -2.7819E+01  2.3742E-05
 -2.7807E+01  2.8827E-05
 -2.7795E+01  3.4260E-05
 -2.7783E+01  3.9891E-05
 -2.7771E+01  4.5594E-05
 -2.7759E+01  5.1289E-05
 -2.7748E+01  5.6960E-05
 -2.7736E+01  6.2677E-05
 -2.7724E+01  6.8607E-05
 -2.7712E+01  7.5015E-05
 -2.7700E+01  8.2268E-05
 -2.7688E+01  9.0811E-05
 -2.7676E+01  1.0116E-04
 -2.7664E+01  1.1384E-04
 -2.7652E+01  1.2938E-04
 -2.7640E+01  1.4825E-04
 -2.7628E+01  1.7082E-04
 -2.7617E+01  1.9730E-04
 -2.7605E+01  2.2773E-04
 -2.7593E+01  2.6191E-04
 -2.7581E+01  2.9941E-04
 -2.7569E+01  3.3952E-04
 -2.7557E+01  3.8134E-04
 -2.7545E+01  4.2371E-04
 -2.7533E+01  4.6533E-04
 -2.7521E+01  5.0479E-04
 -2.7509E+01  5.4065E-04
 -2.7497E+01  5.7149E-04
 -2.7486E+01  5.9605E-04
 -2.7474E+01  6.1326E-04
 -2.7462E+01  6.2230E-04
 -2.7450E+01  6.2270E-04
 -2.7438E+01  6.1434E-04
 -2.7426E+01  5.9747E-04
 -2.7414E+01  5.7269E-04
 -2.7402E+01  5.4096E-04
 -2.7390E+01  5.0351E-04
 -2.7378E+01  4.6179E-04
 -2.7366E+01  4.1738E-04
 -2.7355E+01  3.7194E-04
 -2.7343E+01  3.2706E-04
 -2.7331E+01  2.8424E-04
 -2.7319E+01  2.4474E-04
 -2.7307E+01  2.0959E-04
 -2.7295E+01  1.7949E-04
 -2.7283E+01  1.5479E-04
 -2.7271E+01  1.3552E-04
 -2.7259E+01  1.2137E-04
 -2.7247E+01  1.1178E-04
 -2.7235E+01  1.0593E-04
 -2.7224E+01  1.0291E-04
 -2.7212E+01  1.0170E-04
 -2.7200E+01  1.0131E-04
 -2.7188E+01  1.0086E-04
 -2.7176E+01  9.9611E-05
 -2.7164E+01  9.7017E-05
 -2.7152E+01  9.2771E-05
 -2.7140E+01  8.6800E-05
 -2.7128E+01  7.9252E-05
 -2.7116E+01  7.0469E-05
 -2.7104E+01  6.0942E-05
 -2.7093E+01  5.1254E-05
 -2.7081E+01  4.2018E-05
 -2.7069E+01  3.3819E-05
 -2.7057E+01  2.7158E-05
 -2.7045E+01  2.2404E-05
 -2.7033E+01  1.9764E-05
 -2.7021E+01  1.9266E-05
 -2.7009E+01  2.0755E-05
 -2.6997E+01  2.3919E-05
 -2.6985E+01  2.8313E-05
 -2.6973E+01  3.3406E-05
 -2.6962E+01  3.8629E-05
 -2.6950E+01  4.3431E-05
 -2.6938E+01  4.7325E-05
 -2.6926E+01  4.9930E-05
 -2.6914E+01  5.1004E-05
 -2.6902E+01  5.0463E-05
 -2.6890E+01  4.8378E-05
 -2.6878E+01  4.4971E-05
 -2.6866E+01  4.0585E-05
 -2.6854E+01  3.5654E-05
 -2.6842E+01  3.0659E-05
 -2.6831E+01  2.6083E-05
 -2.6819E+01  2.2370E-05
 -2.6807E+01  1.9885E-05
 -2.6795E+01  1.8880E-05
 -2.6783E+01  1.9478E-05
 -2.6771E+01  2.1663E-05
 -2.6759E+01  2.5282E-05
 -2.6747E+01  3.0065E-05
 -2.6735E+01  3.5649E-05
 -2.6723E+01  4.1609E-05
 -2.6711E+01  4.7503E-05
 -2.6700E+01  5.2902E-05
 -2.6688E+01  5.7429E-05
 -2.6676E+01  6.0785E-05
 -2.6664E+01  6.2773E-05
 -2.6652E+01  6.3303E-05
 -2.6640E+01  6.2394E-05
 -2.6628E+01  6.0166E-05
 -2.6616E+01  5.6820E-05
 -2.6604E+01  5.2615E-05
 -2.6592E+01  4.7845E-05
 -2.6580E+01  4.2807E-05
 -2.6569E+01  3.7780E-05
 -2.6557E+01  3.3002E-05
 -2.6545E+01  2.8655E-05
 -2.6533E+01  2.4859E-05
 -2.6521E+01  2.1664E-05
 -2.6509E+01  1.9064E-05
 -2.6497E+01  1.6999E-05
 -2.6485E+01  1.5373E-05
 -2.6473E+01  1.4072E-05
 -2.6461E+01  1.2977E-05
 -2.6449E+01  1.1980E-05
 -2.6438E+01  1.0996E-05
 -2.6426E+01  9.9696E-06
 -2.6414E+01  8.8793E-06
 -2.6402E+01  7.7333E-06
 -2.6390E+01  6.5653E-06
 -2.6378E+01  5.4253E-06
 -2.6366E+01  4.3702E-06
 -2.6354E+01  3.4536E-06
 -2.6342E+01  2.7173E-06
 -2.6330E+01  2.1848E-06
 -2.6318E+01  1.8584E-06
 -2.6307E+01  1.7189E-06
 -2.6295E+01  1.7290E-06
 -2.6283E+01  1.8389E-06
 -2.6271E+01  1.9940E-06
 -2.6259E+01  2.1426E-06
 -2.6247E+01  2.2436E-06
 -2.6235E+01  2.2723E-06
 -2.6223E+01  2.2242E-06
 -2.6211E+01  2.1151E-06
 -2.6199E+01  1.9784E-06
 -2.6187E+01  1.8606E-06
 -2.6176E+01  1.8132E-06
 -2.6164E+01  1.8850E-06
 -2.6152E+01  2.1137E-06
 -2.6140E+01  2.5188E-06
 -2.6128E+01  3.0976E-06
 -2.6116E+01  3.8227E-06
 -2.6104E+01  4.6441E-06
 -2.6092E+01  5.4935E-06
 -2.6080E+01  6.2922E-06
 -2.6068E+01  6.9596E-06
 -2.6056E+01  7.4238E-06
 -2.6045E+01  7.6307E-06
 -2.6033E+01  7.5519E-06
 -2.6021E+01  7.1899E-06
 -2.6009E+01  6.5794E-06
 -2.5997E+01  5.7854E-06
 -2.5985E+01  4.8968E-06
 -2.5973E+01  4.0171E-06
 -2.5961E+01  3.2529E-06
 -2.5949E+01  2.7016E-06
 -2.5937E+01  2.4393E-06
 -2.5925E+01  2.5114E-06
 -2.5914E+01  2.9256E-06
 -2.5902E+01  3.6502E-06
 -2.5890E+01  4.6165E-06
 -2.5878E+01  5.7256E-06
 -2.5866E+01  6.8595E-06
 -2.5854E+01  7.8943E-06
 -2.5842E+01  8.7147E-06
 -2.5830E+01  9.2285E-06
 -2.5818E+01  9.3782E-06
 -2.5806E+01  9.1493E-06
 -2.5794E+01  8.5741E-06
 -2.5783E+01  7.7299E-06
 -2.5771E+01  6.7320E-06
 -2.5759E+01  5.7219E-06
 -2.5747E+01  4.8522E-06
 -2.5735E+01  4.2685E-06
 -2.5723E+01  4.0928E-06
 -2.5711E+01  4.4074E-06
 -2.5699E+01  5.2430E-06
 -2.5687E+01  6.5733E-06
 -2.5675E+01  8.3141E-06
 -2.5663E+01  1.0330E-05
 -2.5652E+01  1.2449E-05
 -2.5640E+01  1.4477E-05
 -2.5628E+01  1.6218E-05
 -2.5616E+01  1.7501E-05
 -2.5604E+01  1.8193E-05
 -2.5592E+01  1.8216E-05
 -2.5580E+01  1.7560E-05
 -2.5568E+01  1.6283E-05
 -2.5556E+01  1.4509E-05
 -2.5544E+01  1.2415E-05
 -2.5532E+01  1.0215E-05
 -2.5521E+01  8.1363E-06
 -2.5509E+01  6.3985E-06
 -2.5497E+01  5.1871E-06
 -2.5485E+01  4.6342E-06
 -2.5473E+01  4.8030E-06
 -2.5461E+01  5.6798E-06
 -2.5449E+01  7.1739E-06
 -2.5437E+01  9.1262E-06
 -2.5425E+01  1.1326E-05
 -2.5413E+01  1.3533E-05
 -2.5401E+01  1.5503E-05
 -2.5390E+01  1.7018E-05
 -2.5378E+01  1.7905E-05
 -2.5366E+01  1.8060E-05
 -2.5354E+01  1.7461E-05
 -2.5342E+01  1.6167E-05
 -2.5330E+01  1.4314E-05
 -2.5318E+01  1.2102E-05
 -2.5306E+01  9.7710E-06
 -2.5294E+01  7.5774E-06
 -2.5282E+01  5.7623E-06
 -2.5271E+01  4.5262E-06
 -2.5259E+01  4.0053E-06
 -2.5247E+01  4.2557E-06
 -2.5235E+01  5.2456E-06
 -2.5223E+01  6.8579E-06
 -2.5211E+01  8.9028E-06
 -2.5199E+01  1.1139E-05
 -2.5187E+01  1.3301E-05
 -2.5175E+01  1.5129E-05
 -2.5163E+01  1.6404E-05
 -2.5151E+01  1.6970E-05
 -2.5140E+01  1.6756E-05
 -2.5128E+01  1.5788E-05
 -2.5116E+01  1.4185E-05
 -2.5104E+01  1.2151E-05
 -2.5092E+01  9.9492E-06
 -2.5080E+01  7.8756E-06
 -2.5068E+01  6.2245E-06
 -2.5056E+01  5.2537E-06
 -2.5044E+01  5.1545E-06
 -2.5032E+01  6.0283E-06
 -2.5020E+01  7.8731E-06
 -2.5009E+01  1.0583E-05
 -2.4997E+01  1.3957E-05
 -2.4985E+01  1.7726E-05
 -2.4973E+01  2.1583E-05
 -2.4961E+01  2.5221E-05
 -2.4949E+01  2.8375E-05
 -2.4937E+01  3.0857E-05
 -2.4925E+01  3.2590E-05
 -2.4913E+01  3.3621E-05
 -2.4901E+01  3.4122E-05
 -2.4889E+01  3.4384E-05
 -2.4878E+01  3.4779E-05
 -2.4866E+01  3.5723E-05
 -2.4854E+01  3.7626E-05
 -2.4842E+01  4.0833E-05
 -2.4830E+01  4.5579E-05
 -2.4818E+01  5.1941E-05
 -2.4806E+01  5.9815E-05
 -2.4794E+01  6.8905E-05
 -2.4782E+01  7.8732E-05
 -2.4770E+01  8.8669E-05
 -2.4758E+01  9.7990E-05
 -2.4747E+01  1.0594E-04
 -2.4735E+01  1.1179E-04
 -2.4723E+01  1.1495E-04
 -2.4711E+01  1.1502E-04
 -2.4699E+01  1.1182E-04
 -2.4687E+01  1.0548E-04
 -2.4675E+01  9.6397E-05
 -2.4663E+01  8.5259E-05
 -2.4651E+01  7.2960E-05
 -2.4639E+01  6.0546E-05
 -2.4627E+01  4.9115E-05
 -2.4616E+01  3.9711E-05
 -2.4604E+01  3.3226E-05
 -2.4592E+01  3.0301E-05
 -2.4580E+01  3.1256E-05
 -2.4568E+01  3.6049E-05
 -2.4556E+01  4.4265E-05
 -2.4544E+01  5.5146E-05
 -2.4532E+01  6.7656E-05
 -2.4520E+01  8.0572E-05
 -2.4508E+01  9.2605E-05
 -2.4496E+01  1.0253E-04
 -2.4485E+01  1.0929E-04
 -2.4473E+01  1.1217E-04
 -2.4461E+01  1.1083E-04
 -2.4449E+01  1.0537E-04
 -2.4437E+01  9.6384E-05
 -2.4425E+01  8.4886E-05
 -2.4413E+01  7.2249E-05
 -2.4401E+01  6.0085E-05
 -2.4389E+01  5.0098E-05
 -2.4377E+01  4.3919E-05
 -2.4365E+01  4.2942E-05
 -2.4354E+01  4.8177E-05
 -2.4342E+01  6.0139E-05
 -2.4330E+01  7.8779E-05
 -2.4318E+01  1.0347E-04
 -2.4306E+01  1.3306E-04
 -2.4294E+01  1.6597E-04
 -2.4282E+01  2.0034E-04
 -2.4270E+01  2.3424E-04
 -2.4258E+01  2.6586E-04
 -2.4246E+01  2.9372E-04
 -2.4234E+01  3.1689E-04
 -2.4223E+01  3.3515E-04
 -2.4211E+01  3.4904E-04
 -2.4199E+01  3.5999E-04
 -2.4187E+01  3.7020E-04
 -2.4175E+01  3.8259E-04
 -2.4163E+01  4.0055E-04
 -2.4151E+01  4.2777E-04
 -2.4139E+01  4.6786E-04
 -2.4127E+01  5.2411E-04
 -2.4115E+01  5.9913E-04
 -2.4103E+01  6.9460E-04
 -2.4092E+01  8.1105E-04
 -2.4080E+01  9.4771E-04
 -2.4068E+01  1.1024E-03
 -2.4056E+01  1.2718E-03
 -2.4044E+01  1.4511E-03
 -2.4032E+01  1.6349E-03
 -2.4020E+01  1.8168E-03
 -2.4008E+01  1.9904E-03
 -2.3996E+01  2.1490E-03
 -2.3984E+01  2.2867E-03
 -2.3972E+01  2.3979E-03
 -2.3961E+01  2.4784E-03
 -2.3949E+01  2.5252E-03
 -2.3937E+01  2.5366E-03
 -2.3925E+01  2.5128E-03
 -2.3913E+01  2.4550E-03
 -2.3901E+01  2.3662E-03
 -2.3889E+01  2.2503E-03
 -2.3877E+01  2.1124E-03
 -2.3865E+01  1.9580E-03
 -2.3853E+01  1.7929E-03
 -2.3841E+01  1.6229E-03
 -2.3830E+01  1.4534E-03
 -2.3818E+01  1.2892E-03
 -2.3806E+01  1.1341E-03
 -2.3794E+01  9.9112E-04
 -2.3782E+01  8.6216E-04
 -2.3770E+01  7.4818E-04
 -2.3758E+01  6.4924E-04
 -2.3746E+01  5.6461E-04
 -2.3734E+01  4.9303E-04
 -2.3722E+01  4.3280E-04
 -2.3710E+01  3.8206E-04
 -2.3699E+01  3.3888E-04
 -2.3687E+01  3.0150E-04
 -2.3675E+01  2.6835E-04
 -2.3663E+01  2.3822E-04
 -2.3651E+01  2.1020E-04
 -2.3639E+01  1.8377E-04
 -2.3627E+01  1.5869E-04
 -2.3615E+01  1.3499E-04
 -2.3603E+01  1.1286E-04
 -2.3591E+01  9.2603E-05
 -2.3579E+01  7.4529E-05
 -2.3568E+01  5.8904E-05
 -2.3556E+01  4.5891E-05
 -2.3544E+01  3.5527E-05
 -2.3532E+01  2.7707E-05
 -2.3520E+01  2.2195E-05
 -2.3508E+01  1.8647E-05
 -2.3496E+01  1.6649E-05
 -2.3484E+01  1.5754E-05
 -2.3472E+01  1.5525E-05
 -2.3460E+01  1.5572E-05
 -2.3448E+01  1.5579E-05
 -2.3437E+01  1.5322E-05
 -2.3425E+01  1.4679E-05
 -2.3413E+01  1.3622E-05
 -2.3401E+01  1.2206E-05
 -2.3389E+01  1.0544E-05
 -2.3377E+01  8.7877E-06
 -2.3365E+01  7.0965E-06
 -2.3353E+01  5.6162E-06
 -2.3341E+01  4.4590E-06
 -2.3329E+01  3.6914E-06
 -2.3317E+01  3.3293E-06
 -2.3306E+01  3.3399E-06
 -2.3294E+01  3.6505E-06
 -2.3282E+01  4.1616E-06
 -2.3270E+01  4.7623E-06
 -2.3258E+01  5.3462E-06
 -2.3246E+01  5.8254E-06
 -2.3234E+01  6.1405E-06
 -2.3222E+01  6.2667E-06
 -2.3210E+01  6.2145E-06
 -2.3198E+01  6.0257E-06
 -2.3186E+01  5.7654E-06
 -2.3175E+01  5.5118E-06
 -2.3163E+01  5.3438E-06
 -2.3151E+01  5.3294E-06
 -2.3139E+01  5.5165E-06
 -2.3127E+01  5.9255E-06
 -2.3115E+01  6.5466E-06
 -2.3103E+01  7.3403E-06
 -2.3091E+01  8.2422E-06
 -2.3079E+01  9.1710E-06
 -2.3067E+01  1.0038E-05
 -2.3055E+01  1.0756E-05
 -2.3044E+01  1.1253E-05
 -2.3032E+01  1.1476E-05
 -2.3020E+01  1.1398E-05
 -2.3008E+01  1.1022E-05
 -2.2996E+01  1.0377E-05
 -2.2984E+01  9.5140E-06
 -2.2972E+01  8.5030E-06
 -2.2960E+01  7.4208E-06
 -2.2948E+01  6.3450E-06
 -2.2936E+01  5.3456E-06
 -2.2924E+01  4.4781E-06
 -2.2913E+01  3.7797E-06
 -2.2901E+01  3.2662E-06
 -2.2889E+01  2.9333E-06
 -2.2877E+01  2.7586E-06
 -2.2865E+01  2.7063E-06
 -2.2853E+01  2.7326E-06
 -2.2841E+01  2.7921E-06
 -2.2829E+01  2.8430E-06
 -2.2817E+01  2.8521E-06
 -2.2805E+01  2.7981E-06
 -2.2793E+01  2.6724E-06
 -2.2782E+01  2.4794E-06
 -2.2770E+01  2.2340E-06
 -2.2758E+01  1.9590E-06
 -2.2746E+01  1.6806E-06
 -2.2734E+01  1.4252E-06
 -2.2722E+01  1.2155E-06
 -2.2710E+01  1.0685E-06
 -2.2698E+01  9.9331E-07
 -2.2686E+01  9.9152E-07
 -2.2674E+01  1.0577E-06
 -2.2662E+01  1.1810E-06
 -2.2651E+01  1.3477E-06
 -2.2639E+01  1.5431E-06
 -2.2627E+01  1.7534E-06
 -2.2615E+01  1.9681E-06
 -2.2603E+01  2.1797E-06
 -2.2591E+01  2.3843E-06
 -2.2579E+01  2.5808E-06
 -2.2567E+01  2.7694E-06
 -2.2555E+01  2.9506E-06
 -2.2543E+01  3.1234E-06
 -2.2531E+01  3.2847E-06
 -2.2520E+01  3.4289E-06
 -2.2508E+01  3.5487E-06
 -2.2496E+01  3.6355E-06
 -2.2484E+01  3.6819E-06
 -2.2472E+01  3.6833E-06
 -2.2460E+01  3.6397E-06
 -2.2448E+01  3.5572E-06
 -2.2436E+01  3.4484E-06
 -2.2424E+01  3.3322E-06
 -2.2412E+01  3.2318E-06
 -2.2400E+01  3.1729E-06
 -2.2389E+01  3.1796E-06
 -2.2377E+01  3.2714E-06
 -2.2365E+01  3.4597E-06
 -2.2353E+01  3.7448E-06
 -2.2341E+01  4.1147E-06
 -2.2329E+01  4.5452E-06
 -2.2317E+01  5.0018E-06
 -2.2305E+01  5.4434E-06
 -2.2293E+01  5.8274E-06
 -2.2281E+01  6.1155E-06
 -2.2269E+01  6.2802E-06
 -2.2258E+01  6.3096E-06
 -2.2246E+01  6.2114E-06
 -2.2234E+01  6.0143E-06
 -2.2222E+01  5.7674E-06
 -2.2210E+01  5.5354E-06
 -2.2198E+01  5.3929E-06
 -2.2186E+01  5.4157E-06
 -2.2174E+01  5.6710E-06
 -2.2162E+01  6.2079E-06
 -2.2150E+01  7.0490E-06
 -2.2138E+01  8.1842E-06
 -2.2127E+01  9.5676E-06
 -2.2115E+01  1.1119E-05
 -2.2103E+01  1.2728E-05
 -2.2091E+01  1.4265E-05
 -2.2079E+01  1.5594E-05
 -2.2067E+01  1.6584E-05
 -2.2055E+01  1.7131E-05
 -2.2043E+01  1.7164E-05
 -2.2031E+01  1.6662E-05
 -2.2019E+01  1.5659E-05
 -2.2007E+01  1.4244E-05
 -2.1996E+01  1.2552E-05
 -2.1984E+01  1.0761E-05
 -2.1972E+01  9.0669E-06
 -2.1960E+01  7.6666E-06
 -2.1948E+01  6.7378E-06
 -2.1936E+01  6.4176E-06
 -2.1924E+01  6.7852E-06
 -2.1912E+01  7.8510E-06
 -2.1900E+01  9.5514E-06
 -2.1888E+01  1.1752E-05
 -2.1876E+01  1.4259E-05
 -2.1865E+01  1.6836E-05
 -2.1853E+01  1.9230E-05
 -2.1841E+01  2.1195E-05
 -2.1829E+01  2.2523E-05
 -2.1817E+01  2.3066E-05
 -2.1805E+01  2.2756E-05
 -2.1793E+01  2.1614E-05
 -2.1781E+01  1.9755E-05
 -2.1769E+01  1.7375E-05
 -2.1757E+01  1.4733E-05
 -2.1745E+01  1.2124E-05
 -2.1734E+01  9.8455E-06
 -2.1722E+01  8.1635E-06
 -2.1710E+01  7.2832E-06
 -2.1698E+01  7.3214E-06
 -2.1686E+01  8.2921E-06
 -2.1674E+01  1.0101E-05
 -2.1662E+01  1.2554E-05
 -2.1650E+01  1.5379E-05
 -2.1638E+01  1.8250E-05
 -2.1626E+01  2.0833E-05
 -2.1614E+01  2.2818E-05
 -2.1603E+01  2.3964E-05
 -2.1591E+01  2.4129E-05
 -2.1579E+01  2.3293E-05
 -2.1567E+01  2.1569E-05
 -2.1555E+01  1.9197E-05
 -2.1543E+01  1.6521E-05
 -2.1531E+01  1.3954E-05
 -2.1519E+01  1.1936E-05
 -2.1507E+01  1.0878E-05
 -2.1495E+01  1.1114E-05
 -2.1483E+01  1.2862E-05
 -2.1472E+01  1.6186E-05
 -2.1460E+01  2.0993E-05
 -2.1448E+01  2.7032E-05
 -2.1436E+01  3.3925E-05
 -2.1424E+01  4.1215E-05
 -2.1412E+01  4.8418E-05
 -2.1400E+01  5.5098E-05
 -2.1388E+01  6.0923E-05
 -2.1376E+01  6.5732E-05
 -2.1364E+01  6.9565E-05
 -2.1353E+01  7.2693E-05
 -2.1341E+01  7.5600E-05
 -2.1329E+01  7.8948E-05
 -2.1317E+01  8.3514E-05
 -2.1305E+01  9.0099E-05
 -2.1293E+01  9.9426E-05
 -2.1281E+01  1.1203E-04
 -2.1269E+01  1.2818E-04
 -2.1257E+01  1.4776E-04
 -2.1245E+01  1.7025E-04
 -2.1233E+01  1.9475E-04
 -2.1222E+01  2.1996E-04
 -2.1210E+01  2.4429E-04
 -2.1198E+01  2.6603E-04
 -2.1186E+01  2.8344E-04
 -2.1174E+01  2.9495E-04
 -2.1162E+01  2.9936E-04
 -2.1150E+01  2.9593E-04
 -2.1138E+01  2.8457E-04
 -2.1126E+01  2.6585E-04
 -2.1114E+01  2.4105E-04
 -2.1102E+01  2.1205E-04
 -2.1091E+01  1.8128E-04
 -2.1079E+01  1.5147E-04
 -2.1067E+01  1.2542E-04
 -2.1055E+01  1.0580E-04
 -2.1043E+01  9.4795E-05
 -2.1031E+01  9.3939E-05
 -2.1019E+01  1.0388E-04
 -2.1007E+01  1.2427E-04
 -2.0995E+01  1.5376E-04
 -2.0983E+01  1.9002E-04
 -2.0971E+01  2.2998E-04
 -2.0960E+01  2.7007E-04
 -2.0948E+01  3.0655E-04
 -2.0936E+01  3.3592E-04
 -2.0924E+01  3.5526E-04
 -2.0912E+01  3.6260E-04
 -2.0900E+01  3.5722E-04
 -2.0888E+01  3.3977E-04
 -2.0876E+01  3.1239E-04
 -2.0864E+01  2.7856E-04
 -2.0852E+01  2.4294E-04
 -2.0840E+01  2.1098E-04
 -2.0829E+01  1.8852E-04
 -2.0817E+01  1.8123E-04
 -2.0805E+01  1.9411E-04
 -2.0793E+01  2.3099E-04
 -2.0781E+01  2.9414E-04
 -2.0769E+01  3.8394E-04
 -2.0757E+01  4.9884E-04
 -2.0745E+01  6.3544E-04
 -2.0733E+01  7.8878E-04
 -2.0721E+01  9.5293E-04
 -2.0709E+01  1.1216E-03
 -2.0698E+01  1.2889E-03
 -2.0686E+01  1.4504E-03
 -2.0674E+01  1.6035E-03
 -2.0662E+01  1.7485E-03
 -2.0650E+01  1.8890E-03
 -2.0638E+01  2.0319E-03
 -2.0626E+01  2.1875E-03
 -2.0614E+01  2.3693E-03
 -2.0602E+01  2.5930E-03
 -2.0590E+01  2.8756E-03
 -2.0578E+01  3.2341E-03
 -2.0567E+01  3.6842E-03
 -2.0555E+01  4.2389E-03
 -2.0543E+01  4.9069E-03
 -2.0531E+01  5.6912E-03
 -2.0519E+01  6.5883E-03
 -2.0507E+01  7.5877E-03
 -2.0495E+01  8.6713E-03
 -2.0483E+01  9.8141E-03
 -2.0471E+01  1.0985E-02
 -2.0459E+01  1.2148E-02
 -2.0447E+01  1.3264E-02
 -2.0436E+01  1.4293E-02
 -2.0424E+01  1.5197E-02
 -2.0412E+01  1.5941E-02
 -2.0400E+01  1.6493E-02
 -2.0388E+01  1.6833E-02
 -2.0376E+01  1.6944E-02
 -2.0364E+01  1.6823E-02
 -2.0352E+01  1.6474E-02
 -2.0340E+01  1.5910E-02
 -2.0328E+01  1.5154E-02
 -2.0316E+01  1.4234E-02
 -2.0305E+01  1.3187E-02
 -2.0293E+01  1.2051E-02
 -2.0281E+01  1.0867E-02
 -2.0269E+01  9.6744E-03
 -2.0257E+01  8.5109E-03
 -2.0245E+01  7.4094E-03
 -2.0233E+01  6.3971E-03
 -2.0221E+01  5.4939E-03
 -2.0209E+01  4.7119E-03
 -2.0197E+01  4.0558E-03
 -2.0185E+01  3.5227E-03
 -2.0174E+01  3.1035E-03
 -2.0162E+01  2.7839E-03
 -2.0150E+01  2.5462E-03
 -2.0138E+01  2.3709E-03
 -2.0126E+01  2.2379E-03
 -2.0114E+01  2.1287E-03
 -2.0102E+01  2.0273E-03
 -2.0090E+01  1.9210E-03
 -2.0078E+01  1.8011E-03
 -2.0066E+01  1.6631E-03
 -2.0054E+01  1.5065E-03
 -2.0043E+01  1.3345E-03
 -2.0031E+01  1.1528E-03
 -2.0019E+01  9.6902E-04
 -2.0007E+01  7.9180E-04
 -1.9995E+01  6.2955E-04
 -1.9983E+01  4.8968E-04
 -1.9971E+01  3.7787E-04
 -1.9959E+01  2.9753E-04
 -1.9947E+01  2.4954E-04
 -1.9935E+01  2.3226E-04
 -1.9923E+01  2.4177E-04
 -1.9912E+01  2.7232E-04
 -1.9900E+01  3.1695E-04
 -1.9888E+01  3.6815E-04
 -1.9876E+01  4.1857E-04
 -1.9864E+01  4.6169E-04
 -1.9852E+01  4.9228E-04
 -1.9840E+01  5.0687E-04
 -1.9828E+01  5.0385E-04
 -1.9816E+01  4.8356E-04
 -1.9804E+01  4.4811E-04
 -1.9792E+01  4.0104E-04
 -1.9781E+01  3.4696E-04
 -1.9769E+01  2.9098E-04
 -1.9757E+01  2.3828E-04
 -1.9745E+01  1.9354E-04
 -1.9733E+01  1.6057E-04
 -1.9721E+01  1.4197E-04
 -1.9709E+01  1.3897E-04
 -1.9697E+01  1.5131E-04
 -1.9685E+01  1.7741E-04
 -1.9673E+01  2.1453E-04
 -1.9661E+01  2.5908E-04
 -1.9650E+01  3.0699E-04
 -1.9638E+01  3.5412E-04
 -1.9626E+01  3.9659E-04
 -1.9614E+01  4.3114E-04
 -1.9602E+01  4.5532E-04
 -1.9590E+01  4.6768E-04
 -1.9578E+01  4.6782E-04
 -1.9566E+01  4.5627E-04
 -1.9554E+01  4.3445E-04
 -1.9542E+01  4.0442E-04
 -1.9530E+01  3.6863E-04
 -1.9519E+01  3.2970E-04
 -1.9507E+01  2.9018E-04
 -1.9495E+01  2.5230E-04
 -1.9483E+01  2.1782E-04
 -1.9471E+01  1.8796E-04
 -1.9459E+01  1.6332E-04
 -1.9447E+01  1.4391E-04
 -1.9435E+01  1.2926E-04
 -1.9423E+01  1.1852E-04
 -1.9411E+01  1.1060E-04
 -1.9399E+01  1.0435E-04
 -1.9388E+01  9.8704E-05
 -1.9376E+01  9.2776E-05
 -1.9364E+01  8.5965E-05
 -1.9352E+01  7.7985E-05
 -1.9340E+01  6.8862E-05
 -1.9328E+01  5.8894E-05
 -1.9316E+01  4.8582E-05
 -1.9304E+01  3.8531E-05
 -1.9292E+01  2.9365E-05
 -1.9280E+01  2.1630E-05
 -1.9268E+01  1.5722E-05
 -1.9257E+01  1.1838E-05
 -1.9245E+01  9.9561E-06
 -1.9233E+01  9.8449E-06
 -1.9221E+01  1.1100E-05
 -1.9209E+01  1.3201E-05
 -1.9197E+01  1.5586E-05
 -1.9185E+01  1.7721E-05
 -1.9173E+01  1.9172E-05
 -1.9161E+01  1.9659E-05
 -1.9149E+01  1.9082E-05
 -1.9137E+01  1.7534E-05
 -1.9126E+01  1.5279E-05
 -1.9114E+01  1.2710E-05
 -1.9102E+01  1.0291E-05
 -1.9090E+01  8.4918E-06
 -1.9078E+01  7.7224E-06
 -1.9066E+01  8.2719E-06
 -1.9054E+01  1.0268E-05
 -1.9042E+01  1.3655E-05
 -1.9030E+01  1.8193E-05
 -1.9018E+01  2.3485E-05
 -1.9006E+01  2.9020E-05
 -1.8995E+01  3.4232E-05
 -1.8983E+01  3.8565E-05
 -1.8971E+01  4.1545E-05
 -1.8959E+01  4.2834E-05
 -1.8947E+01  4.2278E-05
 -1.8935E+01  3.9923E-05
 -1.8923E+01  3.6023E-05
 -1.8911E+01  3.1006E-05
 -1.8899E+01  2.5431E-05
 -1.8887E+01  1.9924E-05
 -1.8875E+01  1.5105E-05
 -1.8864E+01  1.1519E-05
 -1.8852E+01  9.5694E-06
 -1.8840E+01  9.4731E-06
 -1.8828E+01  1.1235E-05
 -1.8816E+01  1.4645E-05
 -1.8804E+01  1.9307E-05
 -1.8792E+01  2.4677E-05
 -1.8780E+01  3.0130E-05
 -1.8768E+01  3.5033E-05
 -1.8756E+01  3.8814E-05
 -1.8744E+01  4.1033E-05
 -1.8733E+01  4.1432E-05
 -1.8721E+01  3.9970E-05
 -1.8709E+01  3.6831E-05
 -1.8697E+01  3.2404E-05
 -1.8685E+01  2.7246E-05
 -1.8673E+01  2.2015E-05
 -1.8661E+01  1.7400E-05
 -1.8649E+01  1.4041E-05
 -1.8637E+01  1.2448E-05
 -1.8625E+01  1.2948E-05
 -1.8613E+01  1.5636E-05
 -1.8602E+01  2.0365E-05
 -1.8590E+01  2.6755E-05
 -1.8578E+01  3.4231E-05
 -1.8566E+01  4.2084E-05
 -1.8554E+01  4.9547E-05
 -1.8542E+01  5.5876E-05
 -1.8530E+01  6.0433E-05
 -1.8518E+01  6.2750E-05
 -1.8506E+01  6.2589E-05
 -1.8494E+01  5.9960E-05
 -1.8482E+01  5.5131E-05
 -1.8471E+01  4.8594E-05
 -1.8459E+01  4.1018E-05
 -1.8447E+01  3.3181E-05
 -1.8435E+01  2.5881E-05
 -1.8423E+01  1.9854E-05
 -1.8411E+01  1.5695E-05
 -1.8399E+01  1.3793E-05
 -1.8387E+01  1.4287E-05
 -1.8375E+01  1.7057E-05
 -1.8363E+01  2.1731E-05
 -1.8351E+01  2.7737E-05
 -1.8340E+01  3.4359E-05
 -1.8328E+01  4.0822E-05
 -1.8316E+01  4.6380E-05
 -1.8304E+01  5.0390E-05
 -1.8292E+01  5.2392E-05
 -1.8280E+01  5.2149E-05
 -1.8268E+01  4.9677E-05
 -1.8256E+01  4.5238E-05
 -1.8244E+01  3.9309E-05
 -1.8232E+01  3.2528E-05
 -1.8220E+01  2.5625E-05
 -1.8209E+01  1.9336E-05
 -1.8197E+01  1.4321E-05
 -1.8185E+01  1.1096E-05
 -1.8173E+01  9.9693E-06
 -1.8161E+01  1.1009E-05
 -1.8149E+01  1.4040E-05
 -1.8137E+01  1.8659E-05
 -1.8125E+01  2.4290E-05
 -1.8113E+01  3.0245E-05
 -1.8101E+01  3.5808E-05
 -1.8089E+01  4.0318E-05
 -1.8078E+01  4.3245E-05
 -1.8066E+01  4.4251E-05
 -1.8054E+01  4.3230E-05
 -1.8042E+01  4.0315E-05
 -1.8030E+01  3.5867E-05
 -1.8018E+01  3.0427E-05
 -1.8006E+01  2.4659E-05
 -1.7994E+01  1.9267E-05
 -1.7982E+01  1.4920E-05
 -1.7970E+01  1.2171E-05
 -1.7958E+01  1.1398E-05
 -1.7947E+01  1.2755E-05
 -1.7935E+01  1.6164E-05
 -1.7923E+01  2.1318E-05
 -1.7911E+01  2.7722E-05
 -1.7899E+01  3.4756E-05
 -1.7887E+01  4.1750E-05
 -1.7875E+01  4.8069E-05
 -1.7863E+01  5.3195E-05
 -1.7851E+01  5.6793E-05
 -1.7839E+01  5.8760E-05
 -1.7827E+01  5.9238E-05
 -1.7816E+01  5.8604E-05
 -1.7804E+01  5.7429E-05
 -1.7792E+01  5.6402E-05
 -1.7780E+01  5.6252E-05
 -1.7768E+01  5.7647E-05
 -1.7756E+01  6.1111E-05
 -1.7744E+01  6.6939E-05
 -1.7732E+01  7.5148E-05
 -1.7720E+01  8.5450E-05
 -1.7708E+01  9.7263E-05
 -1.7696E+01  1.0976E-04
 -1.7685E+01  1.2192E-04
 -1.7673E+01  1.3268E-04
 -1.7661E+01  1.4098E-04
 -1.7649E+01  1.4592E-04
 -1.7637E+01  1.4688E-04
 -1.7625E+01  1.4355E-04
 -1.7613E+01  1.3602E-04
 -1.7601E+01  1.2479E-04
 -1.7589E+01  1.1070E-04
 -1.7577E+01  9.4885E-05
 -1.7565E+01  7.8681E-05
 -1.7554E+01  6.3457E-05
 -1.7542E+01  5.0507E-05
 -1.7530E+01  4.0906E-05
 -1.7518E+01  3.5408E-05
 -1.7506E+01  3.4359E-05
 -1.7494E+01  3.7666E-05
 -1.7482E+01  4.4800E-05
 -1.7470E+01  5.4851E-05
 -1.7458E+01  6.6620E-05
 -1.7446E+01  7.8737E-05
 -1.7435E+01  8.9808E-05
 -1.7423E+01  9.8558E-05
 -1.7411E+01  1.0397E-04
 -1.7399E+01  1.0539E-04
 -1.7387E+01  1.0260E-04
 -1.7375E+01  9.5869E-05
 -1.7363E+01  8.5888E-05
 -1.7351E+01  7.3734E-05
 -1.7339E+01  6.0747E-05
 -1.7327E+01  4.8384E-05
 -1.7315E+01  3.8068E-05
 -1.7304E+01  3.1031E-05
 -1.7292E+01  2.8184E-05
 -1.7280E+01  3.0014E-05
 -1.7268E+01  3.6538E-05
 -1.7256E+01  4.7294E-05
 -1.7244E+01  6.1398E-05
 -1.7232E+01  7.7639E-05
 -1.7220E+01  9.4610E-05
 -1.7208E+01  1.1087E-04
 -1.7196E+01  1.2509E-04
 -1.7184E+01  1.3625E-04
 -1.7173E+01  1.4369E-04
 -1.7161E+01  1.4727E-04
 -1.7149E+01  1.4737E-04
 -1.7137E+01  1.4489E-04
 -1.7125E+01  1.4116E-04
 -1.7113E+01  1.3784E-04
 -1.7101E+01  1.3675E-04
 -1.7089E+01  1.3970E-04
 -1.7077E+01  1.4832E-04
 -1.7065E+01  1.6389E-04
 -1.7053E+01  1.8721E-04
 -1.7042E+01  2.1854E-04
 -1.7030E+01  2.5754E-04
 -1.7018E+01  3.0334E-04
 -1.7006E+01  3.5456E-04
 -1.6994E+01  4.0952E-04
 -1.6982E+01  4.6632E-04
 -1.6970E+01  5.2302E-04
 -1.6958E+01  5.7781E-04
 -1.6946E+01  6.2913E-04
 -1.6934E+01  6.7575E-04
 -1.6922E+01  7.1686E-04
 -1.6911E+01  7.5207E-04
 -1.6899E+01  7.8132E-04
 -1.6887E+01  8.0490E-04
 -1.6875E+01  8.2326E-04
 -1.6863E+01  8.3692E-04
 -1.6851E+01  8.4635E-04
 -1.6839E+01  8.5188E-04
 -1.6827E+01  8.5361E-04
 -1.6815E+01  8.5138E-04
 -1.6803E+01  8.4479E-04
 -1.6791E+01  8.3328E-04
 -1.6780E+01  8.1617E-04
 -1.6768E+01  7.9286E-04
 -1.6756E+01  7.6288E-04
 -1.6744E+01  7.2609E-04
 -1.6732E+01  6.8275E-04
 -1.6720E+01  6.3359E-04
 -1.6708E+01  5.7983E-04
 -1.6696E+01  5.2317E-04
 -1.6684E+01  4.6563E-04
 -1.6672E+01  4.0951E-04
 -1.6660E+01  3.5714E-04
 -1.6649E+01  3.1072E-04
 -1.6637E+01  2.7211E-04
 -1.6625E+01  2.4263E-04
 -1.6613E+01  2.2299E-04
 -1.6601E+01  2.1312E-04
 -1.6589E+01  2.1220E-04
 -1.6577E+01  2.1872E-04
 -1.6565E+01  2.3056E-04
 -1.6553E+01  2.4526E-04
 -1.6541E+01  2.6017E-04
 -1.6529E+01  2.7275E-04
 -1.6518E+01  2.8078E-04
 -1.6506E+01  2.8261E-04
 -1.6494E+01  2.7729E-04
 -1.6482E+01  2.6468E-04
 -1.6470E+01  2.4545E-04
 -1.6458E+01  2.2099E-04
 -1.6446E+01  1.9330E-04
 -1.6434E+01  1.6478E-04
 -1.6422E+01  1.3794E-04
 -1.6410E+01  1.1523E-04
 -1.6398E+01  9.8708E-05
 -1.6387E+01  8.9865E-05
 -1.6375E+01  8.9462E-05
 -1.6363E+01  9.7443E-05
 -1.6351E+01  1.1293E-04
 -1.6339E+01  1.3430E-04
 -1.6327E+01  1.5936E-04
 -1.6315E+01  1.8556E-04
 -1.6303E+01  2.1026E-04
 -1.6291E+01  2.3098E-04
 -1.6279E+01  2.4571E-04
 -1.6267E+01  2.5308E-04
 -1.6256E+01  2.5256E-04
 -1.6244E+01  2.4444E-04
 -1.6232E+01  2.2991E-04
 -1.6220E+01  2.1089E-04
 -1.6208E+01  1.8984E-04
 -1.6196E+01  1.6957E-04
 -1.6184E+01  1.5291E-04
 -1.6172E+01  1.4248E-04
 -1.6160E+01  1.4041E-04
 -1.6148E+01  1.4812E-04
 -1.6136E+01  1.6619E-04
 -1.6125E+01  1.9429E-04
 -1.6113E+01  2.3117E-04
 -1.6101E+01  2.7478E-04
 -1.6089E+01  3.2244E-04
 -1.6077E+01  3.7107E-04
 -1.6065E+01  4.1746E-04
 -1.6053E+01  4.5853E-04
 -1.6041E+01  4.9159E-04
 -1.6029E+01  5.1460E-04
 -1.6017E+01  5.2624E-04
 -1.6005E+01  5.2607E-04
 -1.5994E+01  5.1448E-04
 -1.5982E+01  4.9262E-04
 -1.5970E+01  4.6225E-04
 -1.5958E+01  4.2556E-04
 -1.5946E+01  3.8496E-04
 -1.5934E+01  3.4284E-04
 -1.5922E+01  3.0138E-04
 -1.5910E+01  2.6242E-04
 -1.5898E+01  2.2728E-04
 -1.5886E+01  1.9680E-04
 -1.5874E+01  1.7125E-04
 -1.5863E+01  1.5044E-04
 -1.5851E+01  1.3380E-04
 -1.5839E+01  1.2052E-04
 -1.5827E+01  1.0965E-04
 -1.5815E+01  1.0027E-04
 -1.5803E+01  9.1576E-05
 -1.5791E+01  8.2996E-05
 -1.5779E+01  7.4204E-05
 -1.5767E+01  6.5142E-05
 -1.5755E+01  5.5981E-05
 -1.5743E+01  4.7063E-05
 -1.5732E+01  3.8818E-05
 -1.5720E+01  3.1675E-05
 -1.5708E+01  2.5985E-05
 -1.5696E+01  2.1956E-05
 -1.5684E+01  1.9617E-05
 -1.5672E+01  1.8813E-05
 -1.5660E+01  1.9227E-05
 -1.5648E+01  2.0431E-05
 -1.5636E+01  2.1948E-05
 -1.5624E+01  2.3332E-05
 -1.5612E+01  2.4234E-05
 -1.5601E+01  2.4462E-05
 -1.5589E+01  2.4015E-05
 -1.5577E+01  2.3087E-05
 -1.5565E+01  2.2046E-05
 -1.5553E+01  2.1379E-05
 -1.5541E+01  2.1622E-05
 -1.5529E+01  2.3267E-05
 -1.5517E+01  2.6686E-05
 -1.5505E+01  3.2049E-05
 -1.5493E+01  3.9280E-05
 -1.5481E+01  4.8036E-05
 -1.5470E+01  5.7728E-05
 -1.5458E+01  6.7570E-05
 -1.5446E+01  7.6671E-05
 -1.5434E+01  8.4132E-05
 -1.5422E+01  8.9163E-05
 -1.5410E+01  9.1186E-05
 -1.5398E+01  8.9925E-05
 -1.5386E+01  8.5462E-05
 -1.5374E+01  7.8249E-05
 -1.5362E+01  6.9079E-05
 -1.5350E+01  5.9018E-05
 -1.5339E+01  4.9292E-05
 -1.5327E+01  4.1151E-05
 -1.5315E+01  3.5726E-05
 -1.5303E+01  3.3883E-05
 -1.5291E+01  3.6111E-05
 -1.5279E+01  4.2443E-05
 -1.5267E+01  5.2428E-05
 -1.5255E+01  6.5168E-05
 -1.5243E+01  7.9403E-05
 -1.5231E+01  9.3648E-05
 -1.5219E+01  1.0637E-04
 -1.5208E+01  1.1617E-04
 -1.5196E+01  1.2195E-04
 -1.5184E+01  1.2310E-04
 -1.5172E+01  1.1955E-04
 -1.5160E+01  1.1184E-04
 -1.5148E+01  1.0108E-04
 -1.5136E+01  8.8858E-05
 -1.5124E+01  7.7059E-05
 -1.5112E+01  6.7687E-05
 -1.5100E+01  6.2622E-05
 -1.5088E+01  6.3390E-05
 -1.5077E+01  7.0969E-05
 -1.5065E+01  8.5628E-05
 -1.5053E+01  1.0685E-04
 -1.5041E+01  1.3335E-04
 -1.5029E+01  1.6315E-04
 -1.5017E+01  1.9376E-04
 -1.5005E+01  2.2245E-04
 -1.4993E+01  2.4648E-04
 -1.4981E+01  2.6349E-04
 -1.4969E+01  2.7168E-04
 -1.4957E+01  2.7010E-04
 -1.4946E+01  2.5877E-04
 -1.4934E+01  2.3870E-04
 -1.4922E+01  2.1183E-04
 -1.4910E+01  1.8088E-04
 -1.4898E+01  1.4904E-04
 -1.4886E+01  1.1969E-04
 -1.4874E+01  9.6026E-05
 -1.4862E+01  8.0716E-05
 -1.4850E+01  7.5616E-05
 -1.4838E+01  8.1541E-05
 -1.4826E+01  9.8152E-05
 -1.4815E+01  1.2396E-04
 -1.4803E+01  1.5645E-04
 -1.4791E+01  1.9234E-04
 -1.4779E+01  2.2790E-04
 -1.4767E+01  2.5935E-04
 -1.4755E+01  2.8329E-04
 -1.4743E+01  2.9708E-04
 -1.4731E+01  2.9910E-04
 -1.4719E+01  2.8904E-04
 -1.4707E+01  2.6786E-04
 -1.4695E+01  2.3777E-04
 -1.4684E+01  2.0200E-04
 -1.4672E+01  1.6442E-04
 -1.4660E+01  1.2912E-04
 -1.4648E+01  1.0001E-04
 -1.4636E+01  8.0324E-05
 -1.4624E+01  7.2270E-05
 -1.4612E+01  7.6774E-05
 -1.4600E+01  9.3348E-05
 -1.4588E+01  1.2013E-04
 -1.4576E+01  1.5407E-04
 -1.4564E+01  1.9126E-04
 -1.4553E+01  2.2737E-04
 -1.4541E+01  2.5815E-04
 -1.4529E+01  2.7993E-04
 -1.4517E+01  2.9009E-04
 -1.4505E+01  2.8737E-04
 -1.4493E+01  2.7210E-04
 -1.4481E+01  2.4624E-04
 -1.4469E+01  2.1312E-04
 -1.4457E+01  1.7721E-04
 -1.4445E+01  1.4354E-04
 -1.4433E+01  1.1717E-04
 -1.4422E+01  1.0261E-04
 -1.4410E+01  1.0327E-04
 -1.4398E+01  1.2104E-04
 -1.4386E+01  1.5605E-04
 -1.4374E+01  2.0662E-04
 -1.4362E+01  2.6945E-04
 -1.4350E+01  3.3997E-04
 -1.4338E+01  4.1293E-04
 -1.4326E+01  4.8303E-04
 -1.4314E+01  5.4560E-04
 -1.4302E+01  5.9733E-04
 -1.4291E+01  6.3674E-04
 -1.4279E+01  6.6456E-04
 -1.4267E+01  6.8382E-04
 -1.4255E+01  6.9960E-04
 -1.4243E+01  7.1866E-04
 -1.4231E+01  7.4860E-04
 -1.4219E+01  7.9701E-04
 -1.4207E+01  8.7046E-04
 -1.4195E+01  9.7351E-04
 -1.4183E+01  1.1079E-03
 -1.4171E+01  1.2718E-03
 -1.4160E+01  1.4600E-03
 -1.4148E+01  1.6634E-03
 -1.4136E+01  1.8701E-03
 -1.4124E+01  2.0660E-03
 -1.4112E+01  2.2361E-03
 -1.4100E+01  2.3660E-03
 -1.4088E+01  2.4431E-03
 -1.4076E+01  2.4585E-03
 -1.4064E+01  2.4077E-03
 -1.4052E+01  2.2915E-03
 -1.4040E+01  2.1168E-03
 -1.4029E+01  1.8958E-03
 -1.4017E+01  1.6457E-03
 -1.4005E+01  1.3871E-03
 -1.3993E+01  1.1426E-03
 -1.3981E+01  9.3443E-04
 -1.3969E+01  7.8251E-04
 -1.3957E+01  7.0233E-04
 -1.3945E+01  7.0319E-04
 -1.3933E+01  7.8710E-04
 -1.3921E+01  9.4817E-04
 -1.3909E+01  1.1729E-03
 -1.3898E+01  1.4412E-03
 -1.3886E+01  1.7282E-03
 -1.3874E+01  2.0064E-03
 -1.3862E+01  2.2484E-03
 -1.3850E+01  2.4299E-03
 -1.3838E+01  2.5318E-03
 -1.3826E+01  2.5432E-03
 -1.3814E+01  2.4625E-03
 -1.3802E+01  2.2980E-03
 -1.3790E+01  2.0685E-03
 -1.3778E+01  1.8014E-03
 -1.3767E+01  1.5310E-03
 -1.3755E+01  1.2957E-03
 -1.3743E+01  1.1343E-03
 -1.3731E+01  1.0826E-03
 -1.3719E+01  1.1696E-03
 -1.3707E+01  1.4146E-03
 -1.3695E+01  1.8250E-03
 -1.3683E+01  2.3949E-03
 -1.3671E+01  3.1055E-03
 -1.3659E+01  3.9269E-03
 -1.3647E+01  4.8205E-03
 -1.3636E+01  5.7432E-03
 -1.3624E+01  6.6523E-03
 -1.3612E+01  7.5104E-03
 -1.3600E+01  8.2908E-03
 -1.3588E+01  8.9813E-03
 -1.3576E+01  9.5885E-03
 -1.3564E+01  1.0139E-02
 -1.3552E+01  1.0681E-02
 -1.3540E+01  1.1281E-02
 -1.3528E+01  1.2022E-02
 -1.3517E+01  1.2997E-02
 -1.3505E+01  1.4305E-02
 -1.3493E+01  1.6039E-02
 -1.3481E+01  1.8282E-02
 -1.3469E+01  2.1095E-02
 -1.3457E+01  2.4513E-02
 -1.3445E+01  2.8537E-02
 -1.3433E+01  3.3131E-02
 -1.3421E+01  3.8219E-02
 -1.3409E+01  4.3691E-02
 -1.3397E+01  4.9401E-02
 -1.3386E+01  5.5178E-02
 -1.3374E+01  6.0832E-02
 -1.3362E+01  6.6166E-02
 -1.3350E+01  7.0984E-02
 -1.3338E+01  7.5104E-02
 -1.3326E+01  7.8366E-02
 -1.3314E+01  8.0644E-02
 -1.3302E+01  8.1849E-02
 -1.3290E+01  8.1935E-02
 -1.3278E+01  8.0902E-02
 -1.3266E+01  7.8797E-02
 -1.3255E+01  7.5709E-02
 -1.3243E+01  7.1761E-02
 -1.3231E+01  6.7112E-02
 -1.3219E+01  6.1939E-02
 -1.3207E+01  5.6429E-02
 -1.3195E+01  5.0773E-02
 -1.3183E+01  4.5150E-02
 -1.3171E+01  3.9724E-02
 -1.3159E+01  3.4631E-02
 -1.3147E+01  2.9976E-02
 -1.3135E+01  2.5831E-02
 -1.3124E+01  2.2233E-02
 -1.3112E+01  1.9185E-02
 -1.3100E+01  1.6663E-02
 -1.3088E+01  1.4619E-02
 -1.3076E+01  1.2988E-02
 -1.3064E+01  1.1692E-02
 -1.3052E+01  1.0655E-02
 -1.3040E+01  9.7977E-03
 -1.3028E+01  9.0534E-03
 -1.3016E+01  8.3650E-03
 -1.3004E+01  7.6901E-03
 -1.2993E+01  7.0014E-03
 -1.2981E+01  6.2869E-03
 -1.2969E+01  5.5478E-03
 -1.2957E+01  4.7962E-03
 -1.2945E+01  4.0518E-03
 -1.2933E+01  3.3386E-03
 -1.2921E+01  2.6814E-03
 -1.2909E+01  2.1024E-03
 -1.2897E+01  1.6190E-03
 -1.2885E+01  1.2418E-03
 -1.2873E+01  9.7398E-04
 -1.2862E+01  8.1088E-04
 -1.2850E+01  7.4103E-04
 -1.2838E+01  7.4747E-04
 -1.2826E+01  8.0951E-04
 -1.2814E+01  9.0484E-04
 -1.2802E+01  1.0115E-03
 -1.2790E+01  1.1099E-03
 -1.2778E+01  1.1838E-03
 -1.2766E+01  1.2222E-03
 -1.2754E+01  1.2190E-03
 -1.2742E+01  1.1734E-03
 -1.2731E+01  1.0894E-03
 -1.2719E+01  9.7502E-04
 -1.2707E+01  8.4076E-04
 -1.2695E+01  6.9867E-04
 -1.2683E+01  5.6085E-04
 -1.2671E+01  4.3822E-04
 -1.2659E+01  3.3953E-04
 -1.2647E+01  2.7068E-04
 -1.2635E+01  2.3431E-04
 -1.2623E+01  2.2984E-04
 -1.2611E+01  2.5376E-04
 -1.2600E+01  3.0023E-04
 -1.2588E+01  3.6182E-04
 -1.2576E+01  4.3035E-04
 -1.2564E+01  4.9776E-04
 -1.2552E+01  5.5683E-04
 -1.2540E+01  6.0179E-04
 -1.2528E+01  6.2869E-04
 -1.2516E+01  6.3566E-04
 -1.2504E+01  6.2278E-04
 -1.2492E+01  5.9194E-04
 -1.2480E+01  5.4644E-04
 -1.2469E+01  4.9054E-04
 -1.2457E+01  4.2896E-04
 -1.2445E+01  3.6635E-04
 -1.2433E+01  3.0689E-04
 -1.2421E+01  2.5391E-04
 -1.2409E+01  2.0967E-04
 -1.2397E+01  1.7531E-04
 -1.2385E+01  1.5083E-04
 -1.2373E+01  1.3528E-04
 -1.2361E+01  1.2700E-04
 -1.2349E+01  1.2387E-04
 -1.2338E+01  1.2363E-04
 -1.2326E+01  1.2415E-04
 -1.2314E+01  1.2364E-04
 -1.2302E+01  1.2085E-04
 -1.2290E+01  1.1508E-04
 -1.2278E+01  1.0624E-04
 -1.2266E+01  9.4739E-05
 -1.2254E+01  8.1400E-05
 -1.2242E+01  6.7279E-05
 -1.2230E+01  5.3515E-05
 -1.2218E+01  4.1170E-05
 -1.2207E+01  3.1099E-05
 -1.2195E+01  2.3860E-05
 -1.2183E+01  1.9669E-05
 -1.2171E+01  1.8398E-05
 -1.2159E+01  1.9622E-05
 -1.2147E+01  2.2695E-05
 -1.2135E+01  2.6843E-05
 -1.2123E+01  3.1275E-05
 -1.2111E+01  3.5275E-05
 -1.2099E+01  3.8282E-05
 -1.2087E+01  3.9938E-05
 -1.2076E+01  4.0116E-05
 -1.2064E+01  3.8903E-05
 -1.2052E+01  3.6568E-05
 -1.2040E+01  3.3503E-05
 -1.2028E+01  3.0162E-05
 -1.2016E+01  2.6988E-05
 -1.2004E+01  2.4359E-05
 -1.1992E+01  2.2538E-05
 -1.1980E+01  2.1653E-05
 -1.1968E+01  2.1685E-05
 -1.1956E+01  2.2486E-05
 -1.1945E+01  2.3808E-05
 -1.1933E+01  2.5345E-05
 -1.1921E+01  2.6780E-05
 -1.1909E+01  2.7827E-05
 -1.1897E+01  2.8272E-05
 -1.1885E+01  2.7997E-05
 -1.1873E+01  2.6987E-05
 -1.1861E+01  2.5333E-05
 -1.1849E+01  2.3205E-05
 -1.1837E+01  2.0831E-05
 -1.1825E+01  1.8456E-05
 -1.1814E+01  1.6312E-05
 -1.1802E+01  1.4585E-05
 -1.1790E+01  1.3393E-05
 -1.1778E+01  1.2774E-05
 -1.1766E+01  1.2687E-05
 -1.1754E+01  1.3022E-05
 -1.1742E+01  1.3619E-05
 -1.1730E+01  1.4296E-05
 -1.1718E+01  1.4871E-05
 -1.1706E+01  1.5196E-05
 -1.1694E+01  1.5168E-05
 -1.1683E+01  1.4747E-05
 -1.1671E+01  1.3958E-05
 -1.1659E+01  1.2881E-05
 -1.1647E+01  1.1644E-05
 -1.1635E+01  1.0397E-05
 -1.1623E+01  9.2907E-06
 -1.1611E+01  8.4550E-06
 -1.1599E+01  7.9799E-06
 -1.1587E+01  7.9036E-06
 -1.1575E+01  8.2078E-06
 -1.1563E+01  8.8218E-06
 -1.1552E+01  9.6333E-06
 -1.1540E+01  1.0506E-05
 -1.1528E+01  1.1298E-05
 -1.1516E+01  1.1882E-05
 -1.1504E+01  1.2164E-05
 -1.1492E+01  1.2092E-05
 -1.1480E+01  1.1664E-05
 -1.1468E+01  1.0925E-05
 -1.1456E+01  9.9626E-06
 -1.1444E+01  8.8868E-06
 -1.1432E+01  7.8199E-06
 -1.1421E+01  6.8761E-06
 -1.1409E+01  6.1469E-06
 -1.1397E+01  5.6893E-06
 -1.1385E+01  5.5207E-06
 -1.1373E+01  5.6187E-06
 -1.1361E+01  5.9283E-06
 -1.1349E+01  6.3735E-06
 -1.1337E+01  6.8720E-06
 -1.1325E+01  7.3503E-06
 -1.1313E+01  7.7574E-06
 -1.1301E+01  8.0731E-06
 -1.1290E+01  8.3119E-06
 -1.1278E+01  8.5198E-06
 -1.1266E+01  8.7653E-06
 -1.1254E+01  9.1257E-06
 -1.1242E+01  9.6716E-06
 -1.1230E+01  1.0450E-05
 -1.1218E+01  1.1474E-05
 -1.1206E+01  1.2709E-05
 -1.1194E+01  1.4080E-05
 -1.1182E+01  1.5471E-05
 -1.1170E+01  1.6741E-05
 -1.1159E+01  1.7744E-05
 -1.1147E+01  1.8352E-05
 -1.1135E+01  1.8473E-05
 -1.1123E+01  1.8075E-05
 -1.1111E+01  1.7194E-05
 -1.1099E+01  1.5938E-05
 -1.1087E+01  1.4477E-05
 -1.1075E+01  1.3028E-05
 -1.1063E+01  1.1825E-05
 -1.1051E+01  1.1090E-05
 -1.1039E+01  1.0999E-05
 -1.1028E+01  1.1655E-05
 -1.1016E+01  1.3068E-05
 -1.1004E+01  1.5146E-05
 -1.0992E+01  1.7705E-05
 -1.0980E+01  2.0487E-05
 -1.0968E+01  2.3193E-05
 -1.0956E+01  2.5530E-05
 -1.0944E+01  2.7253E-05
 -1.0932E+01  2.8210E-05
 -1.0920E+01  2.8382E-05
 -1.0908E+01  2.7895E-05
 -1.0897E+01  2.7031E-05
 -1.0885E+01  2.6202E-05
 -1.0873E+01  2.5913E-05
 -1.0861E+01  2.6703E-05
 -1.0849E+01  2.9079E-05
 -1.0837E+01  3.3444E-05
 -1.0825E+01  4.0040E-05
 -1.0813E+01  4.8901E-05
 -1.0801E+01  5.9838E-05
 -1.0789E+01  7.2456E-05
 -1.0777E+01  8.6203E-05
 -1.0766E+01  1.0045E-04
 -1.0754E+01  1.1458E-04
 -1.0742E+01  1.2811E-04
 -1.0730E+01  1.4083E-04
 -1.0718E+01  1.5281E-04
 -1.0706E+01  1.6455E-04
 -1.0694E+01  1.7691E-04
 -1.0682E+01  1.9110E-04
 -1.0670E+01  2.0856E-04
 -1.0658E+01  2.3082E-04
 -1.0646E+01  2.5927E-04
 -1.0635E+01  2.9495E-04
 -1.0623E+01  3.3832E-04
 -1.0611E+01  3.8911E-04
 -1.0599E+01  4.4613E-04
 -1.0587E+01  5.0727E-04
 -1.0575E+01  5.6954E-04
 -1.0563E+01  6.2926E-04
 -1.0551E+01  6.8231E-04
 -1.0539E+01  7.2452E-04
 -1.0527E+01  7.5207E-04
 -1.0515E+01  7.6195E-04
 -1.0504E+01  7.5236E-04
 -1.0492E+01  7.2305E-04
 -1.0480E+01  6.7554E-04
 -1.0468E+01  6.1317E-04
 -1.0456E+01  5.4099E-04
 -1.0444E+01  4.6545E-04
 -1.0432E+01  3.9390E-04
 -1.0420E+01  3.3404E-04
 -1.0408E+01  2.9310E-04
 -1.0396E+01  2.7716E-04
 -1.0384E+01  2.9043E-04
 -1.0373E+01  3.3462E-04
 -1.0361E+01  4.0861E-04
 -1.0349E+01  5.0827E-04
 -1.0337E+01  6.2666E-04
 -1.0325E+01  7.5448E-04
 -1.0313E+01  8.8093E-04
 -1.0301E+01  9.9468E-04
 -1.0289E+01  1.0851E-03
 -1.0277E+01  1.1434E-03
 -1.0265E+01  1.1641E-03
 -1.0253E+01  1.1454E-03
 -1.0242E+01  1.0905E-03
 -1.0230E+01  1.0072E-03
 -1.0218E+01  9.0824E-04
 -1.0206E+01  8.1004E-04
 -1.0194E+01  7.3199E-04
 -1.0182E+01  6.9473E-04
 -1.0170E+01  7.1848E-04
 -1.0158E+01  8.2121E-04
 -1.0146E+01  1.0169E-03
 -1.0134E+01  1.3142E-03
 -1.0122E+01  1.7152E-03
 -1.0111E+01  2.2154E-03
 -1.0099E+01  2.8039E-03
 -1.0087E+01  3.4647E-03
 -1.0075E+01  4.1782E-03
 -1.0063E+01  4.9243E-03
 -1.0051E+01  5.6849E-03
 -1.0039E+01  6.4475E-03
 -1.0027E+01  7.2077E-03
 -1.0015E+01  7.9723E-03
 -1.0003E+01  8.7606E-03
 -9.9915E+00  9.6055E-03
 -9.9796E+00  1.0553E-02
 -9.9677E+00  1.1661E-02
 -9.9558E+00  1.2995E-02
 -9.9439E+00  1.4625E-02
 -9.9319E+00  1.6618E-02
 -9.9200E+00  1.9036E-02
 -9.9081E+00  2.1926E-02
 -9.8962E+00  2.5316E-02
 -9.8843E+00  2.9208E-02
 -9.8724E+00  3.3576E-02
 -9.8605E+00  3.8360E-02
 -9.8486E+00  4.3469E-02
 -9.8367E+00  4.8781E-02
 -9.8248E+00  5.4146E-02
 -9.8129E+00  5.9396E-02
 -9.8010E+00  6.4347E-02
 -9.7890E+00  6.8816E-02
 -9.7771E+00  7.2626E-02
 -9.7652E+00  7.5618E-02
 -9.7533E+00  7.7664E-02
 -9.7414E+00  7.8668E-02
 -9.7295E+00  7.8580E-02
 -9.7176E+00  7.7393E-02
 -9.7057E+00  7.5147E-02
 -9.6938E+00  7.1930E-02
 -9.6819E+00  6.7864E-02
 -9.6700E+00  6.3110E-02
 -9.6580E+00  5.7848E-02
 -9.6461E+00  5.2277E-02
 -9.6342E+00  4.6595E-02
 -9.6223E+00  4.0995E-02
 -9.6104E+00  3.5652E-02
 -9.5985E+00  3.0716E-02
 -9.5866E+00  2.6301E-02
 -9.5747E+00  2.2485E-02
 -9.5628E+00  1.9307E-02
 -9.5509E+00  1.6765E-02
 -9.5390E+00  1.4821E-02
 -9.5271E+00  1.3408E-02
 -9.5151E+00  1.2435E-02
 -9.5032E+00  1.1796E-02
 -9.4913E+00  1.1383E-02
 -9.4794E+00  1.1087E-02
 -9.4675E+00  1.0813E-02
 -9.4556E+00  1.0484E-02
 -9.4437E+00  1.0044E-02
 -9.4318E+00  9.4621E-03
 -9.4199E+00  8.7316E-03
 -9.4080E+00  7.8678E-03
 -9.3961E+00  6.9048E-03
 -9.3841E+00  5.8901E-03
 -9.3722E+00  4.8788E-03
 -9.3603E+00  3.9275E-03
 -9.3484E+00  3.0887E-03
 -9.3365E+00  2.4053E-03
 -9.3246E+00  1.9069E-03
 -9.3127E+00  1.6073E-03
 -9.3008E+00  1.5036E-03
 -9.2889E+00  1.5771E-03
 -9.2770E+00  1.7954E-03
 -9.2651E+00  2.1158E-03
 -9.2531E+00  2.4900E-03
 -9.2412E+00  2.8685E-03
 -9.2293E+00  3.2050E-03
 -9.2174E+00  3.4612E-03
 -9.2055E+00  3.6090E-03
 -9.1936E+00  3.6336E-03
 -9.1817E+00  3.5333E-03
 -9.1698E+00  3.3199E-03
 -9.1579E+00  3.0160E-03
 -9.1460E+00  2.6533E-03
 -9.1341E+00  2.2686E-03
 -9.1222E+00  1.9002E-03
 -9.1102E+00  1.5847E-03
 -9.0983E+00  1.3531E-03
 -9.0864E+00  1.2282E-03
 -9.0745E+00  1.2228E-03
 -9.0626E+00  1.3390E-03
 -9.0507E+00  1.5678E-03
 -9.0388E+00  1.8904E-03
 -9.0269E+00  2.2807E-03
 -9.0150E+00  2.7070E-03
 -9.0031E+00  3.1355E-03
 -8.9912E+00  3.5335E-03
 -8.9792E+00  3.8716E-03
 -8.9673E+00  4.1265E-03
 -8.9554E+00  4.2824E-03
 -8.9435E+00  4.3319E-03
 -8.9316E+00  4.2760E-03
 -8.9197E+00  4.1235E-03
 -8.9078E+00  3.8894E-03
 -8.8959E+00  3.5933E-03
 -8.8840E+00  3.2571E-03
 -8.8721E+00  2.9033E-03
 -8.8602E+00  2.5524E-03
 -8.8482E+00  2.2222E-03
 -8.8363E+00  1.9256E-03
 -8.8244E+00  1.6709E-03
 -8.8125E+00  1.4611E-03
 -8.8006E+00  1.2947E-03
 -8.7887E+00  1.1662E-03
 -8.7768E+00  1.0678E-03
 -8.7649E+00  9.8992E-04
 -8.7530E+00  9.2329E-04
 -8.7411E+00  8.5959E-04
 -8.7292E+00  7.9257E-04
 -8.7173E+00  7.1853E-04
 -8.7053E+00  6.3651E-04
 -8.6934E+00  5.4806E-04
 -8.6815E+00  4.5680E-04
 -8.6696E+00  3.6759E-04
 -8.6577E+00  2.8579E-04
 -8.6458E+00  2.1633E-04
 -8.6339E+00  1.6302E-04
 -8.6220E+00  1.2803E-04
 -8.6101E+00  1.1152E-04
 -8.5982E+00  1.1171E-04
 -8.5863E+00  1.2509E-04
 -8.5743E+00  1.4690E-04
 -8.5624E+00  1.7181E-04
 -8.5505E+00  1.9455E-04
 -8.5386E+00  2.1070E-04
 -8.5267E+00  2.1719E-04
 -8.5148E+00  2.1273E-04
 -8.5029E+00  1.9796E-04
 -8.4910E+00  1.7531E-04
 -8.4791E+00  1.4873E-04
 -8.4672E+00  1.2305E-04
 -8.4553E+00  1.0338E-04
 -8.4433E+00  9.4354E-05
 -8.4314E+00  9.9466E-05
 -8.4195E+00  1.2057E-04
 -8.4076E+00  1.5754E-04
 -8.3957E+00  2.0820E-04
 -8.3838E+00  2.6851E-04
 -8.3719E+00  3.3300E-04
 -8.3600E+00  3.9533E-04
 -8.3481E+00  4.4908E-04
 -8.3362E+00  4.8849E-04
 -8.3243E+00  5.0916E-04
 -8.3124E+00  5.0866E-04
 -8.3004E+00  4.8684E-04
 -8.2885E+00  4.4595E-04
 -8.2766E+00  3.9045E-04
 -8.2647E+00  3.2656E-04
 -8.2528E+00  2.6160E-04
 -8.2409E+00  2.0311E-04
 -8.2290E+00  1.5805E-04
 -8.2171E+00  1.3193E-04
 -8.2052E+00  1.2814E-04
 -8.1933E+00  1.4755E-04
 -8.1814E+00  1.8835E-04
 -8.1694E+00  2.4622E-04
 -8.1575E+00  3.1481E-04
 -8.1456E+00  3.8647E-04
 -8.1337E+00  4.5306E-04
 -8.1218E+00  5.0702E-04
 -8.1099E+00  5.4214E-04
 -8.0980E+00  5.5445E-04
 -8.0861E+00  5.4267E-04
 -8.0742E+00  5.0846E-04
 -8.0623E+00  4.5636E-04
 -8.0504E+00  3.9330E-04
 -8.0384E+00  3.2792E-04
 -8.0265E+00  2.6957E-04
 -8.0146E+00  2.2730E-04
 -8.0027E+00  2.0874E-04
 -7.9908E+00  2.1915E-04
 -7.9789E+00  2.6075E-04
 -7.9670E+00  3.3230E-04
 -7.9551E+00  4.2910E-04
 -7.9432E+00  5.4342E-04
 -7.9313E+00  6.6521E-04
 -7.9194E+00  7.8319E-04
 -7.9075E+00  8.8596E-04
 -7.8955E+00  9.6334E-04
 -7.8836E+00  1.0074E-03
 -7.8717E+00  1.0135E-03
 -7.8598E+00  9.8070E-04
 -7.8479E+00  9.1212E-04
 -7.8360E+00  8.1458E-04
 -7.8241E+00  6.9802E-04
 -7.8122E+00  5.7451E-04
 -7.8003E+00  4.5697E-04
 -7.7884E+00  3.5786E-04
 -7.7765E+00  2.8779E-04
 -7.7645E+00  2.5440E-04
 -7.7526E+00  2.6143E-04
 -7.7407E+00  3.0830E-04
 -7.7288E+00  3.9009E-04
 -7.7169E+00  4.9802E-04
 -7.7050E+00  6.2039E-04
 -7.6931E+00  7.4383E-04
 -7.6812E+00  8.5474E-04
 -7.6693E+00  9.4082E-04
 -7.6574E+00  9.9240E-04
 -7.6455E+00  1.0035E-03
 -7.6335E+00  9.7270E-04
 -7.6216E+00  9.0295E-04
 -7.6097E+00  8.0163E-04
 -7.5978E+00  6.7960E-04
 -7.5859E+00  5.5003E-04
 -7.5740E+00  4.2700E-04
 -7.5621E+00  3.2393E-04
 -7.5502E+00  2.5207E-04
 -7.5383E+00  2.1923E-04
 -7.5264E+00  2.2889E-04
 -7.5145E+00  2.7972E-04
 -7.5026E+00  3.6571E-04
 -7.4906E+00  4.7678E-04
 -7.4787E+00  5.9994E-04
 -7.4668E+00  7.2073E-04
 -7.4549E+00  8.2492E-04
 -7.4430E+00  9.0018E-04
 -7.4311E+00  9.3756E-04
 -7.4192E+00  9.3263E-04
 -7.4073E+00  8.8603E-04
 -7.3954E+00  8.0357E-04
 -7.3835E+00  6.9556E-04
 -7.3716E+00  5.7579E-04
 -7.3596E+00  4.5995E-04
 -7.3477E+00  3.6389E-04
 -7.3358E+00  3.0179E-04
 -7.3239E+00  2.8454E-04
 -7.3120E+00  3.1844E-04
 -7.3001E+00  4.0438E-04
 -7.2882E+00  5.3773E-04
 -7.2763E+00  7.0874E-04
 -7.2644E+00  9.0377E-04
 -7.2525E+00  1.1068E-03
 -7.2406E+00  1.3015E-03
 -7.2286E+00  1.4734E-03
 -7.2167E+00  1.6117E-03
 -7.2048E+00  1.7110E-03
 -7.1929E+00  1.7722E-03
 -7.1810E+00  1.8029E-03
 -7.1691E+00  1.8169E-03
 -7.1572E+00  1.8324E-03
 -7.1453E+00  1.8703E-03
 -7.1334E+00  1.9519E-03
 -7.1215E+00  2.0954E-03
 -7.1096E+00  2.3140E-03
 -7.0977E+00  2.6134E-03
 -7.0857E+00  2.9902E-03
 -7.0738E+00  3.4312E-03
 -7.0619E+00  3.9141E-03
 -7.0500E+00  4.4086E-03
 -7.0381E+00  4.8789E-03
 -7.0262E+00  5.2869E-03
 -7.0143E+00  5.5960E-03
 -7.0024E+00  5.7749E-03
 -6.9905E+00  5.8014E-03
 -6.9786E+00  5.6649E-03
 -6.9667E+00  5.3693E-03
 -6.9547E+00  4.9326E-03
 -6.9428E+00  4.3869E-03
 -6.9309E+00  3.7756E-03
 -6.9190E+00  3.1500E-03
 -6.9071E+00  2.5650E-03
 -6.8952E+00  2.0732E-03
 -6.8833E+00  1.7204E-03
 -6.8714E+00  1.5406E-03
 -6.8595E+00  1.5525E-03
 -6.8476E+00  1.7567E-03
 -6.8357E+00  2.1355E-03
 -6.8237E+00  2.6538E-03
 -6.8118E+00  3.2622E-03
 -6.7999E+00  3.9011E-03
 -6.7880E+00  4.5065E-03
 -6.7761E+00  5.0165E-03
 -6.7642E+00  5.3772E-03
 -6.7523E+00  5.5494E-03
 -6.7404E+00  5.5126E-03
 -6.7285E+00  5.2686E-03
 -6.7166E+00  4.8427E-03
 -6.7047E+00  4.2818E-03
 -6.6928E+00  3.6514E-03
 -6.6808E+00  3.0297E-03
 -6.6689E+00  2.5006E-03
 -6.6570E+00  2.1455E-03
 -6.6451E+00  2.0352E-03
 -6.6332E+00  2.2227E-03
 -6.6213E+00  2.7374E-03
 -6.6094E+00  3.5811E-03
 -6.5975E+00  4.7278E-03
 -6.5856E+00  6.1248E-03
 -6.5737E+00  7.6980E-03
 -6.5618E+00  9.3585E-03
 -6.5498E+00  1.1012E-02
 -6.5379E+00  1.2568E-02
 -6.5260E+00  1.3952E-02
 -6.5141E+00  1.5114E-02
 -6.5022E+00  1.6037E-02
 -6.4903E+00  1.6744E-02
 -6.4784E+00  1.7297E-02
 -6.4665E+00  1.7800E-02
 -6.4546E+00  1.8391E-02
 -6.4427E+00  1.9234E-02
 -6.4308E+00  2.0509E-02
 -6.4188E+00  2.2395E-02
 -6.4069E+00  2.5053E-02
 -6.3950E+00  2.8619E-02
 -6.3831E+00  3.3181E-02
 -6.3712E+00  3.8773E-02
 -6.3593E+00  4.5368E-02
 -6.3474E+00  5.2870E-02
 -6.3355E+00  6.1123E-02
 -6.3236E+00  6.9910E-02
 -6.3117E+00  7.8966E-02
 -6.2998E+00  8.7989E-02
 -6.2879E+00  9.6660E-02
 -6.2759E+00  1.0466E-01
 -6.2640E+00  1.1167E-01
 -6.2521E+00  1.1743E-01
 -6.2402E+00  1.2170E-01
 -6.2283E+00  1.2434E-01
 -6.2164E+00  1.2524E-01
 -6.2045E+00  1.2440E-01
 -6.1926E+00  1.2186E-01
 -6.1807E+00  1.1776E-01
 -6.1688E+00  1.1230E-01
 -6.1569E+00  1.0570E-01
 -6.1449E+00  9.8252E-02
 -6.1330E+00  9.0226E-02
 -6.1211E+00  8.1911E-02
 -6.1092E+00  7.3576E-02
 -6.0973E+00  6.5455E-02
 -6.0854E+00  5.7747E-02
 -6.0735E+00  5.0601E-02
 -6.0616E+00  4.4119E-02
 -6.0497E+00  3.8357E-02
 -6.0378E+00  3.3324E-02
 -6.0259E+00  2.8996E-02
 -6.0140E+00  2.5316E-02
 -6.0020E+00  2.2211E-02
 -5.9901E+00  1.9593E-02
 -5.9782E+00  1.7372E-02
 -5.9663E+00  1.5463E-02
 -5.9544E+00  1.3790E-02
 -5.9425E+00  1.2288E-02
 -5.9306E+00  1.0911E-02
 -5.9187E+00  9.6274E-03
 -5.9068E+00  8.4185E-03
 -5.8949E+00  7.2792E-03
 -5.8830E+00  6.2131E-03
 -5.8710E+00  5.2289E-03
 -5.8591E+00  4.3378E-03
 -5.8472E+00  3.5500E-03
 -5.8353E+00  2.8724E-03
 -5.8234E+00  2.3077E-03
 -5.8115E+00  1.8532E-03
 -5.7996E+00  1.5014E-03
 -5.7877E+00  1.2404E-03
 -5.7758E+00  1.0554E-03
 -5.7639E+00  9.3026E-04
 -5.7520E+00  8.4862E-04
 -5.7400E+00  7.9558E-04
 -5.7281E+00  7.5854E-04
 -5.7162E+00  7.2795E-04
 -5.7043E+00  6.9746E-04
 -5.6924E+00  6.6382E-04
 -5.6805E+00  6.2634E-04
 -5.6686E+00  5.8618E-04
 -5.6567E+00  5.4557E-04
 -5.6448E+00  5.0698E-04
 -5.6329E+00  4.7246E-04
 -5.6210E+00  4.4322E-04
 -5.6091E+00  4.1940E-04
 -5.5971E+00  4.0013E-04
 -5.5852E+00  3.8378E-04
 -5.5733E+00  3.6836E-04
 -5.5614E+00  3.5200E-04
 -5.5495E+00  3.3342E-04
 -5.5376E+00  3.1221E-04
 -5.5257E+00  2.8914E-04
 -5.5138E+00  2.6608E-04
 -5.5019E+00  2.4588E-04
 -5.4900E+00  2.3199E-04
 -5.4781E+00  2.2800E-04
 -5.4661E+00  2.3712E-04
 -5.4542E+00  2.6161E-04
 -5.4423E+00  3.0240E-04
 -5.4304E+00  3.5874E-04
 -5.4185E+00  4.2818E-04
 -5.4066E+00  5.0662E-04
 -5.3947E+00  5.8872E-04
 -5.3828E+00  6.6833E-04
 -5.3709E+00  7.3918E-04
 -5.3590E+00  7.9546E-04
 -5.3471E+00  8.3243E-04
 -5.3351E+00  8.4694E-04
 -5.3232E+00  8.3771E-04
 -5.3113E+00  8.0544E-04
 -5.2994E+00  7.5273E-04
 -5.2875E+00  6.8374E-04
 -5.2756E+00  6.0380E-04
 -5.2637E+00  5.1880E-04
 -5.2518E+00  4.3465E-04
 -5.2399E+00  3.5666E-04
 -5.2280E+00  2.8912E-04
 -5.2161E+00  2.3490E-04
 -5.2042E+00  1.9531E-04
 -5.1922E+00  1.7008E-04
 -5.1803E+00  1.5754E-04
 -5.1684E+00  1.5496E-04
 -5.1565E+00  1.5895E-04
 -5.1446E+00  1.6594E-04
 -5.1327E+00  1.7260E-04
 -5.1208E+00  1.7629E-04
 -5.1089E+00  1.7524E-04
 -5.0970E+00  1.6875E-04
 -5.0851E+00  1.5711E-04
 -5.0732E+00  1.4148E-04
 -5.0612E+00  1.2366E-04
 -5.0493E+00  1.0573E-04
 -5.0374E+00  8.9778E-05
 -5.0255E+00  7.7605E-05
 -5.0136E+00  7.0494E-05
 -5.0017E+00  6.9095E-05
 -4.9898E+00  7.3399E-05
 -4.9779E+00  8.2810E-05
 -4.9660E+00  9.6301E-05
 -4.9541E+00  1.1262E-04
 -4.9422E+00  1.3049E-04
 -4.9302E+00  1.4885E-04
 -4.9183E+00  1.6695E-04
 -4.9064E+00  1.8445E-04
 -4.8945E+00  2.0139E-04
 -4.8826E+00  2.1810E-04
 -4.8707E+00  2.3502E-04
 -4.8588E+00  2.5252E-04
 -4.8469E+00  2.7072E-04
 -4.8350E+00  2.8935E-04
 -4.8231E+00  3.0767E-04
 -4.8112E+00  3.2451E-04
 -4.7993E+00  3.3840E-04
 -4.7873E+00  3.4776E-04
 -4.7754E+00  3.5120E-04
 -4.7635E+00  3.4778E-04
 -4.7516E+00  3.3730E-04
 -4.7397E+00  3.2050E-04
 -4.7278E+00  2.9911E-04
 -4.7159E+00  2.7585E-04
 -4.7040E+00  2.5416E-04
 -4.6921E+00  2.3790E-04
 -4.6802E+00  2.3085E-04
 -4.6683E+00  2.3623E-04
 -4.6563E+00  2.5615E-04
 -4.6444E+00  2.9119E-04
 -4.6325E+00  3.4018E-04
 -4.6206E+00  4.0010E-04
 -4.6087E+00  4.6634E-04
 -4.5968E+00  5.3308E-04
 -4.5849E+00  5.9396E-04
 -4.5730E+00  6.4287E-04
 -4.5611E+00  6.7474E-04
 -4.5492E+00  6.8637E-04
 -4.5373E+00  6.7700E-04
 -4.5253E+00  6.4868E-04
 -4.5134E+00  6.0640E-04
 -4.5015E+00  5.5771E-04
 -4.4896E+00  5.1216E-04
 -4.4777E+00  4.8030E-04
 -4.4658E+00  4.7253E-04
 -4.4539E+00  4.9778E-04
 -4.4420E+00  5.6226E-04
 -4.4301E+00  6.6838E-04
 -4.4182E+00  8.1401E-04
 -4.4063E+00  9.9228E-04
 -4.3944E+00  1.1918E-03
 -4.3824E+00  1.3976E-03
 -4.3705E+00  1.5926E-03
 -4.3586E+00  1.7591E-03
 -4.3467E+00  1.8810E-03
 -4.3348E+00  1.9454E-03
 -4.3229E+00  1.9447E-03
 -4.3110E+00  1.8773E-03
 -4.2991E+00  1.7484E-03
 -4.2872E+00  1.5700E-03
 -4.2753E+00  1.3598E-03
 -4.2634E+00  1.1399E-03
 -4.2514E+00  9.3435E-04
 -4.2395E+00  7.6740E-04
 -4.2276E+00  6.6027E-04
 -4.2157E+00  6.2902E-04
 -4.2038E+00  6.8242E-04
 -4.1919E+00  8.2057E-04
 -4.1800E+00  1.0344E-03
 -4.1681E+00  1.3063E-03
 -4.1562E+00  1.6112E-03
 -4.1443E+00  1.9196E-03
 -4.1324E+00  2.2004E-03
 -4.1204E+00  2.4241E-03
 -4.1085E+00  2.5667E-03
 -4.0966E+00  2.6119E-03
 -4.0847E+00  2.5540E-03
 -4.0728E+00  2.3980E-03
 -4.0609E+00  2.1601E-03
 -4.0490E+00  1.8656E-03
 -4.0371E+00  1.5470E-03
 -4.0252E+00  1.2400E-03
 -4.0133E+00  9.8012E-04
 -4.0014E+00  7.9849E-04
 -3.9895E+00  7.1833E-04
 -3.9775E+00  7.5198E-04
 -3.9656E+00  8.9910E-04
 -3.9537E+00  1.1462E-03
 -3.9418E+00  1.4677E-03
 -3.9299E+00  1.8284E-03
 -3.9180E+00  2.1874E-03
 -3.9061E+00  2.5030E-03
 -3.8942E+00  2.7376E-03
 -3.8823E+00  2.8625E-03
 -3.8704E+00  2.8624E-03
 -3.8585E+00  2.7373E-03
 -3.8465E+00  2.5038E-03
 -3.8346E+00  2.1937E-03
 -3.8227E+00  1.8508E-03
 -3.8108E+00  1.5267E-03
 -3.7989E+00  1.2746E-03
 -3.7870E+00  1.1438E-03
 -3.7751E+00  1.1737E-03
 -3.7632E+00  1.3889E-03
 -3.7513E+00  1.7957E-03
 -3.7394E+00  2.3809E-03
 -3.7275E+00  3.1126E-03
 -3.7155E+00  3.9433E-03
 -3.7036E+00  4.8153E-03
 -3.6917E+00  5.6684E-03
 -3.6798E+00  6.4474E-03
 -3.6679E+00  7.1107E-03
 -3.6560E+00  7.6378E-03
 -3.6441E+00  8.0338E-03
 -3.6322E+00  8.3322E-03
 -3.6203E+00  8.5930E-03
 -3.6084E+00  8.8980E-03
 -3.5965E+00  9.3423E-03
 -3.5846E+00  1.0023E-02
 -3.5726E+00  1.1028E-02
 -3.5607E+00  1.2423E-02
 -3.5488E+00  1.4238E-02
 -3.5369E+00  1.6464E-02
 -3.5250E+00  1.9042E-02
 -3.5131E+00  2.1866E-02
 -3.5012E+00  2.4784E-02
 -3.4893E+00  2.7612E-02
 -3.4774E+00  3.0145E-02
 -3.4655E+00  3.2174E-02
 -3.4536E+00  3.3512E-02
 -3.4416E+00  3.4009E-02
 -3.4297E+00  3.3580E-02
 -3.4178E+00  3.2213E-02
 -3.4059E+00  2.9980E-02
 -3.3940E+00  2.7040E-02
 -3.3821E+00  2.3627E-02
 -3.3702E+00  2.0035E-02
 -3.3583E+00  1.6591E-02
 -3.3464E+00  1.3624E-02
 -3.3345E+00  1.1437E-02
 -3.3226E+00  1.0276E-02
 -3.3106E+00  1.0301E-02
 -3.2987E+00  1.1569E-02
 -3.2868E+00  1.4024E-02
 -3.2749E+00  1.7495E-02
 -3.2630E+00  2.1706E-02
 -3.2511E+00  2.6296E-02
 -3.2392E+00  3.0850E-02
 -3.2273E+00  3.4934E-02
 -3.2154E+00  3.8143E-02
 -3.2035E+00  4.0143E-02
 -3.1916E+00  4.0715E-02
 -3.1797E+00  3.9788E-02
 -3.1677E+00  3.7459E-02
 -3.1558E+00  3.4003E-02
 -3.1439E+00  2.9851E-02
 -3.1320E+00  2.5567E-02
 -3.1201E+00  2.1794E-02
 -3.1082E+00  1.9200E-02
 -3.0963E+00  1.8417E-02
 -3.0844E+00  1.9977E-02
 -3.0725E+00  2.4265E-02
 -3.0606E+00  3.1476E-02
 -3.0487E+00  4.1592E-02
 -3.0367E+00  5.4376E-02
 -3.0248E+00  6.9389E-02
 -3.0129E+00  8.6028E-02
 -3.0010E+00  1.0358E-01
 -2.9891E+00  1.2129E-01
 -2.9772E+00  1.3847E-01
 -2.9653E+00  1.5459E-01
 -2.9534E+00  1.6935E-01
 -2.9415E+00  1.8278E-01
 -2.9296E+00  1.9532E-01
 -2.9177E+00  2.0783E-01
 -2.9058E+00  2.2153E-01
 -2.8938E+00  2.3804E-01
 -2.8819E+00  2.5920E-01
 -2.8700E+00  2.8699E-01
 -2.8581E+00  3.2341E-01
 -2.8462E+00  3.7024E-01
 -2.8343E+00  4.2900E-01
 -2.8224E+00  5.0073E-01
 -2.8105E+00  5.8585E-01
 -2.7986E+00  6.8411E-01
 -2.7867E+00  7.9445E-01
 -2.7748E+00  9.1496E-01
 -2.7628E+00  1.0429E+00
 -2.7509E+00  1.1747E+00
 -2.7390E+00  1.3062E+00
 -2.7271E+00  1.4326E+00
 -2.7152E+00  1.5492E+00
 -2.7033E+00  1.6513E+00
 -2.6914E+00  1.7344E+00
 -2.6795E+00  1.7953E+00
 -2.6676E+00  1.8314E+00
 -2.6557E+00  1.8415E+00
 -2.6438E+00  1.8257E+00
 -2.6318E+00  1.7852E+00
 -2.6199E+00  1.7221E+00
 -2.6080E+00  1.6395E+00
 -2.5961E+00  1.5409E+00
 -2.5842E+00  1.4303E+00
 -2.5723E+00  1.3116E+00
 -2.5604E+00  1.1888E+00
 -2.5485E+00  1.0657E+00
 -2.5366E+00  9.4554E-01
 -2.5247E+00  8.3135E-01
 -2.5128E+00  7.2557E-01
 -2.5009E+00  6.3008E-01
 -2.4889E+00  5.4613E-01
 -2.4770E+00  4.7432E-01
 -2.4651E+00  4.1453E-01
 -2.4532E+00  3.6608E-01
 -2.4413E+00  3.2772E-01
 -2.4294E+00  2.9779E-01
 -2.4175E+00  2.7438E-01
 -2.4056E+00  2.5557E-01
 -2.3937E+00  2.3953E-01
 -2.3818E+00  2.2470E-01
 -2.3699E+00  2.0985E-01
 -2.3579E+00  1.9415E-01
 -2.3460E+00  1.7715E-01
 -2.3341E+00  1.5880E-01
 -2.3222E+00  1.3937E-01
 -2.3103E+00  1.1940E-01
 -2.2984E+00  9.9619E-02
 -2.2865E+00  8.0894E-02
 -2.2746E+00  6.4040E-02
 -2.2627E+00  4.9734E-02
 -2.2508E+00  3.8456E-02
 -2.2389E+00  3.0445E-02
 -2.2269E+00  2.5684E-02
 -2.2150E+00  2.3911E-02
 -2.2031E+00  2.4658E-02
 -2.1912E+00  2.7309E-02
 -2.1793E+00  3.1168E-02
 -2.1674E+00  3.5524E-02
 -2.1555E+00  3.9715E-02
 -2.1436E+00  4.3176E-02
 -2.1317E+00  4.5472E-02
 -2.1198E+00  4.6319E-02
 -2.1079E+00  4.5599E-02
 -2.0960E+00  4.3353E-02
 -2.0840E+00  3.9778E-02
 -2.0721E+00  3.5199E-02
 -2.0602E+00  3.0043E-02
 -2.0483E+00  2.4792E-02
 -2.0364E+00  1.9925E-02
 -2.0245E+00  1.5872E-02
 -2.0126E+00  1.2960E-02
 -2.0007E+00  1.1387E-02
 -1.9888E+00  1.1204E-02
 -1.9769E+00  1.2329E-02
 -1.9650E+00  1.4568E-02
 -1.9530E+00  1.7656E-02
 -1.9411E+00  2.1294E-02
 -1.9292E+00  2.5180E-02
 -1.9173E+00  2.9033E-02
 -1.9054E+00  3.2584E-02
 -1.8935E+00  3.5569E-02
 -1.8816E+00  3.7699E-02
 -1.8697E+00  3.8651E-02
 -1.8578E+00  3.8119E-02
 -1.8459E+00  3.5981E-02
 -1.8340E+00  3.2549E-02
 -1.8220E+00  2.8611E-02
 -1.8101E+00  2.5213E-02
 -1.7982E+00  2.3869E-02
 -1.7863E+00  2.9002E-02
 -1.7744E+00  5.4369E-02
 -1.7625E+00  8.1683E-03
 -1.7506E+00  3.7649E-03
 -1.7387E+00  3.1303E-03
 -1.7268E+00  1.1836E-02
 -1.7149E+00  8.4120E-03
 -1.7030E+00  8.1686E-03
 -1.6911E+00  9.0352E-03
 -1.6791E+00  4.7211E-03
 -1.6672E+00  1.0923E-02
 -1.6553E+00  5.8071E-02
 -1.6434E+00  4.5140E-02
 -1.6315E+00  7.3568E-03
 -1.6196E+00  3.1344E-03
 -1.6077E+00  4.3673E-03
 -1.5958E+00  9.5268E-03
 -1.5839E+00  1.9012E-03
 -1.5720E+00  1.0133E-03
 -1.5601E+00  1.2620E-03
 -1.5481E+00  2.3247E-03
 -1.5362E+00  6.9459E-04
 -1.5243E+00  2.0050E-04
 -1.5124E+00  1.4390E-04
 -1.5005E+00  1.2963E-04
 -1.4886E+00  1.3482E-04
 -1.4767E+00  1.3181E-04
 -1.4648E+00  1.2013E-04
 -1.4529E+00  1.1502E-04
 -1.4410E+00  1.0872E-04
 -1.4291E+00  1.0145E-04
 -1.4171E+00  9.2893E-05
 -1.4052E+00  8.3387E-05
 -1.3933E+00  7.3380E-05
 -1.3814E+00  6.3366E-05
 -1.3695E+00  5.3800E-05
 -1.3576E+00  4.5117E-05
 -1.3457E+00  3.7674E-05
 -1.3338E+00  3.1903E-05
 -1.3219E+00  2.7563E-05
 -1.3100E+00  2.4870E-05
 -1.2981E+00  2.4375E-05
 -1.2862E+00  2.6203E-05
 -1.2742E+00  3.0785E-05
 -1.2623E+00  3.9197E-05
 -1.2504E+00  5.4148E-05
 -1.2385E+00  8.4278E-05
 -1.2266E+00  1.6743E-04
 -1.2147E+00  7.1124E-04
 -1.2028E+00  6.1308E-03
 -1.1909E+00  1.5883E-03
 -1.1790E+00  8.1035E-04
 -1.1671E+00  9.3575E-04
 -1.1552E+00  6.1679E-04
 -1.1432E+00  8.4437E-04
 -1.1313E+00  2.5646E-03
 -1.1194E+00  1.3453E-02
 -1.1075E+00  7.3466E-03
 -1.0956E+00  6.6038E-03
 -1.0837E+00  9.6976E-03
 -1.0718E+00  1.5448E-02
 -1.0599E+00  1.5453E-03
 -1.0480E+00  2.9555E-03
 -1.0361E+00  3.3669E-04
 -1.0242E+00  6.8476E-04
 -1.0122E+00  6.2328E-05
 -1.0003E+00  6.2670E-05
 -9.8843E-01  1.6212E-04
 -9.7652E-01  9.9633E-04
 -9.6461E-01  6.0299E-04
 -9.5271E-01  2.0234E-04
 -9.4080E-01  9.8715E-05
 -9.2889E-01  5.5720E-05
 -9.1698E-01  3.3201E-05
 -9.0507E-01  1.8278E-05
 -8.9316E-01  3.5709E-05
 -8.8125E-01  3.1259E-05
 -8.6934E-01  2.9077E-05
 -8.5743E-01  3.0888E-05
 -8.4553E-01  4.8476E-05
 -8.3362E-01  8.5224E-04
 -8.2171E-01  6.0747E-05
 -8.0980E-01  4.1163E-05
 -7.9789E-01  1.0797E-04
 -7.8598E-01  9.5593E-05
 -7.7407E-01  3.0026E-05
 -7.6216E-01  8.3106E-05
 -7.5026E-01  2.8895E-05
 -7.3835E-01  1.7145E-05
 -7.2644E-01  2.0099E-04
 -7.1453E-01  1.3360E-05
 -7.0262E-01  1.1915E-04
 -6.9071E-01  1.8246E-05
 -6.7880E-01  5.6830E-05
 -6.6689E-01  2.3548E-05
 -6.5498E-01  5.1884E-05
 -6.4308E-01  2.3527E-05
 -6.3117E-01  6.4417E-05
 -6.1926E-01  2.1568E-05
 -6.0735E-01  2.8923E-04
 -5.9544E-01  2.0824E-05
 -5.8353E-01  4.4507E-05
 -5.7162E-01  2.1878E-05
 -5.5971E-01  2.2161E-05
 -5.4781E-01  7.9225E-05
 -5.3590E-01  1.7900E-05
 -5.2399E-01  3.9788E-05
 -5.1208E-01  3.5282E-05
 -5.0017E-01  1.8483E-05
 -4.8826E-01  9.9700E-05
 -4.7635E-01  5.4288E-05
 -4.6444E-01  2.7256E-05
 -4.5253E-01  1.0272E-04
 -4.4063E-01  2.1831E-04
 -4.2872E-01  4.1929E-05
 -4.1681E-01  6.0713E-05
 -4.0490E-01  1.3507E-03
 -3.9299E-01  8.9345E-05
 -3.8108E-01  4.1172E-05
 -3.6917E-01  5.3318E-05
 -3.5726E-01  5.5846E-04
 -3.4536E-01  5.8756E-05
 -3.3345E-01  2.0531E-05
 -3.2154E-01  1.5008E-05
 -3.0963E-01  1.2907E-05
 -2.9772E-01  8.7422E-05
 -2.8581E-01  1.1621E-05
 -2.7390E-01  9.8819E-06
 -2.6199E-01  1.1653E-05
 -2.5009E-01  2.0320E-05
 -2.3818E-01  6.7339E-05
 -2.2627E-01  2.1440E-03
 -2.1436E-01  1.5738E-04
 -2.0245E-01  5.4039E-05
 -1.9054E-01  3.9067E-05
 -1.7863E-01  3.7064E-05
 -1.6672E-01  3.9474E-05
 -1.5481E-01  4.4809E-05
 -1.4291E-01  5.4566E-05
 -1.3100E-01  7.7835E-05
 -1.1909E-01  1.9088E-04
 -1.0718E-01  5.5008E-04
 -9.5271E-02  7.0393E-05
 -8.3362E-02  4.4240E-05
 -7.1453E-02  4.1689E-05
 -5.9544E-02  4.3648E-05
 -4.7635E-02  4.7549E-05
 -3.5726E-02  5.2845E-05
 -2.3818E-02  5.9336E-05
 -1.1909E-02  6.6828E-05
  0.0000E+00  7.5055E-05
  1.1909E-02  8.3659E-05
  2.3818E-02  9.2199E-05
  3.5726E-02  1.0019E-04
  4.7635E-02  1.0712E-04
  5.9544E-02  1.1257E-04
  7.1453E-02  1.1638E-04
  8.3362E-02  1.1937E-04
  9.5271E-02  1.2892E-04
  1.0718E-01  2.9317E-04
  1.1909E-01  1.4529E-04
  1.3100E-01  1.0124E-04
  1.4291E-01  8.4249E-05
  1.5481E-01  7.0813E-05
  1.6672E-01  5.9198E-05
  1.7863E-01  5.0100E-05
  1.9054E-01  4.5457E-05
  2.0245E-01  5.1473E-05
  2.1436E-01  1.2063E-04
  2.2627E-01  1.7341E-03
  2.3818E-01  1.0313E-04
  2.5009E-01  6.9719E-05
  2.6199E-01  7.4375E-05
  2.7390E-01  9.2554E-05
  2.8581E-01  1.5303E-04
  2.9772E-01  3.2016E-03
  3.0963E-01  1.4443E-04
  3.2154E-01  1.1740E-04
  3.3345E-01  1.1535E-04
  3.4536E-01  1.2118E-04
  3.5726E-01  1.5421E-04
  3.6917E-01  9.1785E-05
  3.8108E-01  8.3866E-05
  3.9299E-01  1.0940E-04
  4.0490E-01  1.3903E-03
  4.1681E-01  1.2734E-04
  4.2872E-01  1.3872E-04
  4.4063E-01  1.0219E-03
  4.5253E-01  6.3696E-04
  4.6444E-01  2.6779E-04
  4.7635E-01  8.2933E-04
  4.8826E-01  1.8168E-03
  5.0017E-01  4.2291E-04
  5.1208E-01  1.0913E-03
  5.2399E-01  1.2027E-03
  5.3590E-01  4.6154E-04
  5.4781E-01  2.4191E-03
  5.5971E-01  4.6811E-04
  5.7162E-01  4.1320E-04
  5.8353E-01  4.7460E-04
  5.9544E-01  3.8763E-04
  6.0735E-01  3.5049E-03
  6.1926E-01  5.2696E-04
  6.3117E-01  2.1765E-03
  6.4308E-01  9.0610E-04
  6.5498E-01  2.6791E-03
  6.6689E-01  1.3979E-03
  6.7880E-01  4.0911E-03
  6.9071E-01  1.6239E-03
  7.0262E-01  1.0463E-02
  7.1453E-01  1.6370E-03
  7.2644E-01  1.4166E-02
  7.3835E-01  1.7728E-03
  7.5026E-01  2.0337E-03
  7.6216E-01  2.1110E-03
  7.7407E-01  2.3878E-03
  7.8598E-01  3.0197E-03
  7.9789E-01  3.9112E-03
  8.0980E-01  3.6835E-03
  8.2171E-01  4.4646E-03
  8.3362E-01  1.9864E-02
  8.4553E-01  4.6853E-03
  8.5743E-01  4.6449E-03
  8.6934E-01  4.8207E-03
  8.8125E-01  5.5853E-03
  8.9316E-01  2.0262E-02
  9.0507E-01  3.7887E-02
  9.1698E-01  2.2073E-02
  9.2889E-01  1.9357E-02
  9.4080E-01  2.0200E-02
  9.5271E-01  2.4914E-02
  9.6461E-01  4.4656E-02
  9.7652E-01  4.9635E-02
  9.8843E-01  9.0664E-03
  1.0003E+00  5.2584E-03
  1.0122E+00  6.0096E-03
  1.0242E+00  3.9834E-02
  1.0361E+00  6.3333E-03
  1.0480E+00  1.8606E-02
  1.0599E+00  4.8541E-03
  1.0718E+00  1.3744E-02
  1.0837E+00  6.2500E-03
  1.0956E+00  5.7562E-03
  1.1075E+00  7.7739E-03
  1.1194E+00  1.5584E-02
  1.1313E+00  4.2281E-03
  1.1432E+00  3.9219E-03
  1.1552E+00  6.4894E-03
  1.1671E+00  4.1417E-02
  1.1790E+00  1.6501E-01
  1.1909E+00  1.9954E-01
  1.2028E+00  3.0486E-02
  1.2147E+00  4.4613E-03
  1.2266E+00  1.5808E-03
  1.2385E+00  8.4152E-04
  1.2504E+00  5.4837E-04
  1.2623E+00  4.0689E-04
  1.2742E+00  2.8276E-04
  1.2862E+00  2.1968E-04
  1.2981E+00  1.9199E-04
  1.3100E+00  1.7889E-04
  1.3219E+00  1.7505E-04
  1.3338E+00  1.7712E-04
  1.3457E+00  1.8287E-04
  1.3576E+00  1.9091E-04
  1.3695E+00  2.0043E-04
  1.3814E+00  2.1100E-04
  1.3933E+00  2.2254E-04
  1.4052E+00  2.3554E-04
  1.4171E+00  2.5112E-04
  1.4291E+00  2.7202E-04
  1.4410E+00  3.0589E-04
  1.4529E+00  3.9352E-04
  1.4648E+00  9.0642E-04
  1.4767E+00  5.9627E-04
  1.4886E+00  1.0940E-03
  1.5005E+00  4.6039E-03
  1.5124E+00  2.1157E-02
  1.5243E+00  5.0588E-03
  1.5362E+00  2.6652E-03
  1.5481E+00  2.9170E-03
  1.5601E+00  6.6686E-03
  1.5720E+00  2.6625E-02
  1.5839E+00  6.3371E-03
  1.5958E+00  4.6574E-03
  1.6077E+00  7.1502E-03
  1.6196E+00  2.7040E-02
  1.6315E+00  1.1578E-02
  1.6434E+00  1.5068E-02
  1.6553E+00  9.8131E-03
  1.6672E+00  2.8991E-02
  1.6791E+00  8.8345E-02
  1.6911E+00  1.3742E-02
  1.7030E+00  5.9004E-03
  1.7149E+00  3.7744E-03
  1.7268E+00  3.5873E-03
  1.7387E+00  4.9819E-03
  1.7506E+00  1.0677E-02
  1.7625E+00  5.9989E-02
  1.7744E+00  2.0596E-02
  1.7863E+00  1.2403E-02
  1.7982E+00  1.2730E-02
  1.8101E+00  1.2901E-02
  1.8220E+00  1.2348E-02
  1.8340E+00  1.1252E-02
  1.8459E+00  9.8946E-03
  1.8578E+00  8.5198E-03
  1.8697E+00  7.2637E-03
  1.8816E+00  6.1731E-03
  1.8935E+00  5.2510E-03
  1.9054E+00  4.4853E-03
  1.9173E+00  3.8597E-03
  1.9292E+00  3.3563E-03
  1.9411E+00  2.9563E-03
  1.9530E+00  2.6411E-03
  1.9650E+00  2.3930E-03
  1.9769E+00  2.1961E-03
  1.9888E+00  2.0361E-03
  2.0007E+00  1.9012E-03
  2.0126E+00  1.7815E-03
  2.0245E+00  1.6688E-03
  2.0364E+00  1.5568E-03
  2.0483E+00  1.4410E-03
  2.0602E+00  1.3191E-03
  2.0721E+00  1.1911E-03
  2.0840E+00  1.0594E-03
  2.0960E+00  9.2916E-04
  2.1079E+00  8.0719E-04
  2.1198E+00  7.0186E-04
  2.1317E+00  6.2209E-04
  2.1436E+00  5.7659E-04
  2.1555E+00  5.7302E-04
  2.1674E+00  6.1715E-04
  2.1793E+00  7.1202E-04
  2.1912E+00  8.5704E-04
  2.2031E+00  1.0474E-03
  2.2150E+00  1.2734E-03
  2.2269E+00  1.5211E-03
  2.2389E+00  1.7726E-03
  2.2508E+00  2.0077E-03
  2.2627E+00  2.2064E-03
  2.2746E+00  2.3509E-03
  2.2865E+00  2.4280E-03
  2.2984E+00  2.4309E-03
  2.3103E+00  2.3600E-03
  2.3222E+00  2.2232E-03
  2.3341E+00  2.0345E-03
  2.3460E+00  1.8134E-03
  2.3579E+00  1.5823E-03
  2.3699E+00  1.3656E-03
  2.3818E+00  1.1867E-03
  2.3937E+00  1.0662E-03
  2.4056E+00  1.0197E-03
  2.4175E+00  1.0560E-03
  2.4294E+00  1.1752E-03
  2.4413E+00  1.3682E-03
  2.4532E+00  1.6171E-03
  2.4651E+00  1.8968E-03
  2.4770E+00  2.1773E-03
  2.4889E+00  2.4287E-03
  2.5009E+00  2.6234E-03
  2.5128E+00  2.7402E-03
  2.5247E+00  2.7668E-03
  2.5366E+00  2.7018E-03
  2.5485E+00  2.5546E-03
  2.5604E+00  2.3452E-03
  2.5723E+00  2.1021E-03
  2.5842E+00  1.8596E-03
  2.5961E+00  1.6547E-03
  2.6080E+00  1.5230E-03
  2.6199E+00  1.4948E-03
  2.6318E+00  1.5917E-03
  2.6438E+00  1.8232E-03
  2.6557E+00  2.1846E-03
  2.6676E+00  2.6565E-03
  2.6795E+00  3.2057E-03
  2.6914E+00  3.7879E-03
  2.7033E+00  4.3524E-03
  2.7152E+00  4.8471E-03
  2.7271E+00  5.2244E-03
  2.7390E+00  5.4470E-03
  2.7509E+00  5.4913E-03
  2.7628E+00  5.3509E-03
  2.7748E+00  5.0373E-03
  2.7867E+00  4.5786E-03
  2.7986E+00  4.0175E-03
  2.8105E+00  3.4067E-03
  2.8224E+00  2.8048E-03
  2.8343E+00  2.2701E-03
  2.8462E+00  1.8554E-03
  2.8581E+00  1.6025E-03
  2.8700E+00  1.5374E-03
  2.8819E+00  1.6677E-03
  2.8938E+00  1.9804E-03
  2.9058E+00  2.4430E-03
  2.9177E+00  3.0067E-03
  2.9296E+00  3.6108E-03
  2.9415E+00  4.1899E-03
  2.9534E+00  4.6806E-03
  2.9653E+00  5.0290E-03
  2.9772E+00  5.1965E-03
  2.9891E+00  5.1642E-03
  3.0010E+00  4.9344E-03
  3.0129E+00  4.5309E-03
  3.0248E+00  3.9953E-03
  3.0367E+00  3.3834E-03
  3.0487E+00  2.7588E-03
  3.0606E+00  2.1863E-03
  3.0725E+00  1.7254E-03
  3.0844E+00  1.4233E-03
  3.0963E+00  1.3103E-03
  3.1082E+00  1.3961E-03
  3.1201E+00  1.6679E-03
  3.1320E+00  2.0918E-03
  3.1439E+00  2.6163E-03
  3.1558E+00  3.1776E-03
  3.1677E+00  3.7076E-03
  3.1797E+00  4.1415E-03
  3.1916E+00  4.4259E-03
  3.2035E+00  4.5258E-03
  3.2154E+00  4.4285E-03
  3.2273E+00  4.1457E-03
  3.2392E+00  3.7125E-03
  3.2511E+00  3.1835E-03
  3.2630E+00  2.6266E-03
  3.2749E+00  2.1161E-03
  3.2868E+00  1.7237E-03
  3.2987E+00  1.5115E-03
  3.3106E+00  1.5238E-03
  3.3226E+00  1.7829E-03
  3.3345E+00  2.2854E-03
  3.3464E+00  3.0025E-03
  3.3583E+00  3.8825E-03
  3.3702E+00  4.8568E-03
  3.3821E+00  5.8482E-03
  3.3940E+00  6.7801E-03
  3.4059E+00  7.5875E-03
  3.4178E+00  8.2257E-03
  3.4297E+00  8.6778E-03
  3.4416E+00  8.9587E-03
  3.4536E+00  9.1150E-03
  3.4655E+00  9.2214E-03
  3.4774E+00  9.3724E-03
  3.4893E+00  9.6721E-03
  3.5012E+00  1.0222E-02
  3.5131E+00  1.1106E-02
  3.5250E+00  1.2382E-02
  3.5369E+00  1.4068E-02
  3.5488E+00  1.6136E-02
  3.5607E+00  1.8514E-02
  3.5726E+00  2.1080E-02
  3.5846E+00  2.3676E-02
  3.5965E+00  2.6118E-02
  3.6084E+00  2.8213E-02
  3.6203E+00  2.9774E-02
  3.6322E+00  3.0646E-02
  3.6441E+00  3.0721E-02
  3.6560E+00  2.9951E-02
  3.6679E+00  2.8362E-02
  3.6798E+00  2.6053E-02
  3.6917E+00  2.3189E-02
  3.7036E+00  1.9994E-02
  3.7155E+00  1.6726E-02
  3.7275E+00  1.3659E-02
  3.7394E+00  1.1056E-02
  3.7513E+00  9.1436E-03
  3.7632E+00  8.0906E-03
  3.7751E+00  7.9921E-03
  3.7870E+00  8.8568E-03
  3.7989E+00  1.0605E-02
  3.8108E+00  1.3071E-02
  3.8227E+00  1.6018E-02
  3.8346E+00  1.9158E-02
  3.8465E+00  2.2176E-02
  3.8585E+00  2.4764E-02
  3.8704E+00  2.6650E-02
  3.8823E+00  2.7630E-02
  3.8942E+00  2.7592E-02
  3.9061E+00  2.6531E-02
  3.9180E+00  2.4558E-02
  3.9299E+00  2.1892E-02
  3.9418E+00  1.8844E-02
  3.9537E+00  1.5792E-02
  3.9656E+00  1.3141E-02
  3.9775E+00  1.1293E-02
  3.9895E+00  1.0603E-02
  4.0014E+00  1.1346E-02
  4.0133E+00  1.3691E-02
  4.0252E+00  1.7679E-02
  4.0371E+00  2.3219E-02
  4.0490E+00  3.0094E-02
  4.0609E+00  3.7975E-02
  4.0728E+00  4.6455E-02
  4.0847E+00  5.5089E-02
  4.0966E+00  6.3440E-02
  4.1085E+00  7.1131E-02
  4.1204E+00  7.7895E-02
  4.1324E+00  8.3619E-02
  4.1443E+00  8.8370E-02
  4.1562E+00  9.2419E-02
  4.1681E+00  9.6234E-02
  4.1800E+00  1.0046E-01
  4.1919E+00  1.0587E-01
  4.2038E+00  1.1334E-01
  4.2157E+00  1.2375E-01
  4.2276E+00  1.3791E-01
  4.2395E+00  1.5653E-01
  4.2514E+00  1.8012E-01
  4.2634E+00  2.0891E-01
  4.2753E+00  2.4287E-01
  4.2872E+00  2.8163E-01
  4.2991E+00  3.2449E-01
  4.3110E+00  3.7041E-01
  4.3229E+00  4.1810E-01
  4.3348E+00  4.6603E-01
  4.3467E+00  5.1251E-01
  4.3586E+00  5.5582E-01
  4.3705E+00  5.9426E-01
  4.3824E+00  6.2629E-01
  4.3944E+00  6.5059E-01
  4.4063E+00  6.6620E-01
  4.4182E+00  6.7252E-01
  4.4301E+00  6.6934E-01
  4.4420E+00  6.5692E-01
  4.4539E+00  6.3586E-01
  4.4658E+00  6.0713E-01
  4.4777E+00  5.7197E-01
  4.4896E+00  5.3179E-01
  4.5015E+00  4.8814E-01
  4.5134E+00  4.4255E-01
  4.5253E+00  3.9651E-01
  4.5373E+00  3.5137E-01
  4.5492E+00  3.0830E-01
  4.5611E+00  2.6824E-01
  4.5730E+00  2.3188E-01
  4.5849E+00  1.9964E-01
  4.5968E+00  1.7171E-01
  4.6087E+00  1.4801E-01
  4.6206E+00  1.2831E-01
  4.6325E+00  1.1219E-01
  4.6444E+00  9.9137E-02
  4.6563E+00  8.8579E-02
  4.6683E+00  7.9935E-02
  4.6802E+00  7.2660E-02
  4.6921E+00  6.6276E-02
  4.7040E+00  6.0398E-02
  4.7159E+00  5.4749E-02
  4.7278E+00  4.9159E-02
  4.7397E+00  4.3557E-02
  4.7516E+00  3.7959E-02
  4.7635E+00  3.2445E-02
  4.7754E+00  2.7138E-02
  4.7873E+00  2.2179E-02
  4.7993E+00  1.7705E-02
  4.8112E+00  1.3833E-02
  4.8231E+00  1.0647E-02
  4.8350E+00  8.1846E-03
  4.8469E+00  6.4387E-03
  4.8588E+00  5.3575E-03
  4.8707E+00  4.8509E-03
  4.8826E+00  4.8006E-03
  4.8945E+00  5.0715E-03
  4.9064E+00  5.5251E-03
  4.9183E+00  6.0305E-03
  4.9302E+00  6.4758E-03
  4.9422E+00  6.7748E-03
  4.9541E+00  6.8722E-03
  4.9660E+00  6.7437E-03
  4.9779E+00  6.3948E-03
  4.9898E+00  5.8558E-03
  5.0017E+00  5.1754E-03
  5.0136E+00  4.4132E-03
  5.0255E+00  3.6327E-03
  5.0374E+00  2.8938E-03
  5.0493E+00  2.2475E-03
  5.0612E+00  1.7315E-03
  5.0732E+00  1.3681E-03
  5.0851E+00  1.1630E-03
  5.0970E+00  1.1069E-03
  5.1089E+00  1.1777E-03
  5.1208E+00  1.3439E-03
  5.1327E+00  1.5689E-03
  5.1446E+00  1.8149E-03
  5.1565E+00  2.0465E-03
  5.1684E+00  2.2347E-03
  5.1803E+00  2.3581E-03
  5.1922E+00  2.4047E-03
  5.2042E+00  2.3717E-03
  5.2161E+00  2.2647E-03
  5.2280E+00  2.0959E-03
  5.2399E+00  1.8820E-03
  5.2518E+00  1.6420E-03
  5.2637E+00  1.3949E-03
  5.2756E+00  1.1579E-03
  5.2875E+00  9.4460E-04
  5.2994E+00  7.6461E-04
  5.3113E+00  6.2286E-04
  5.3232E+00  5.1991E-04
  5.3351E+00  4.5256E-04
  5.3471E+00  4.1479E-04
  5.3590E+00  3.9883E-04
  5.3709E+00  3.9632E-04
  5.3828E+00  3.9935E-04
  5.3947E+00  4.0126E-04
  5.4066E+00  3.9722E-04
  5.4185E+00  3.8451E-04
  5.4304E+00  3.6249E-04
  5.4423E+00  3.3233E-04
  5.4542E+00  2.9653E-04
  5.4661E+00  2.5840E-04
  5.4781E+00  2.2147E-04
  5.4900E+00  1.8900E-04
  5.5019E+00  1.6354E-04
  5.5138E+00  1.4670E-04
  5.5257E+00  1.3908E-04
  5.5376E+00  1.4024E-04
  5.5495E+00  1.4894E-04
  5.5614E+00  1.6332E-04
  5.5733E+00  1.8121E-04
  5.5852E+00  2.0041E-04
  5.5971E+00  2.1891E-04
  5.6091E+00  2.3504E-04
  5.6210E+00  2.4767E-04
  5.6329E+00  2.5612E-04
  5.6448E+00  2.6021E-04
  5.6567E+00  2.6015E-04
  5.6686E+00  2.5638E-04
  5.6805E+00  2.4953E-04
  5.6924E+00  2.4020E-04
  5.7043E+00  2.2898E-04
  5.7162E+00  2.1632E-04
  5.7281E+00  2.0259E-04
  5.7400E+00  1.8804E-04
  5.7520E+00  1.7287E-04
  5.7639E+00  1.5730E-04
  5.7758E+00  1.4156E-04
  5.7877E+00  1.2598E-04
  5.7996E+00  1.1095E-04
  5.8115E+00  9.6912E-05
  5.8234E+00  8.4343E-05
  5.8353E+00  7.3675E-05
  5.8472E+00  6.5246E-05
  5.8591E+00  5.9245E-05
  5.8710E+00  5.5681E-05
  5.8830E+00  5.4361E-05
  5.8949E+00  5.4913E-05
  5.9068E+00  5.6819E-05
  5.9187E+00  5.9482E-05
  5.9306E+00  6.2297E-05
  5.9425E+00  6.4729E-05
  5.9544E+00  6.6376E-05
  5.9663E+00  6.7011E-05
  5.9782E+00  6.6604E-05
  5.9901E+00  6.5305E-05
  6.0020E+00  6.3412E-05
  6.0140E+00  6.1304E-05
  6.0259E+00  5.9381E-05
  6.0378E+00  5.7997E-05
  6.0497E+00  5.7403E-05
  6.0616E+00  5.7720E-05
  6.0735E+00  5.8932E-05
  6.0854E+00  6.0910E-05
  6.0973E+00  6.3460E-05
  6.1092E+00  6.6385E-05
  6.1211E+00  6.9554E-05
  6.1330E+00  7.2958E-05
  6.1449E+00  7.6753E-05
  6.1569E+00  8.1261E-05
  6.1688E+00  8.6942E-05
  6.1807E+00  9.4328E-05
  6.1926E+00  1.0393E-04
  6.2045E+00  1.1610E-04
  6.2164E+00  1.3098E-04
  6.2283E+00  1.4834E-04
  6.2402E+00  1.6756E-04
  6.2521E+00  1.8762E-04
  6.2640E+00  2.0715E-04
  6.2759E+00  2.2457E-04
  6.2879E+00  2.3822E-04
  6.2998E+00  2.4658E-04
  6.3117E+00  2.4849E-04
  6.3236E+00  2.4334E-04
  6.3355E+00  2.3121E-04
  6.3474E+00  2.1300E-04
  6.3593E+00  1.9038E-04
  6.3712E+00  1.6573E-04
  6.3831E+00  1.4192E-04
  6.3950E+00  1.2203E-04
  6.4069E+00  1.0903E-04
  6.4188E+00  1.0540E-04
  6.4308E+00  1.1282E-04
  6.4427E+00  1.3187E-04
  6.4546E+00  1.6190E-04
  6.4665E+00  2.0098E-04
  6.4784E+00  2.4604E-04
  6.4903E+00  2.9314E-04
  6.5022E+00  3.3784E-04
  6.5141E+00  3.7570E-04
  6.5260E+00  4.0274E-04
  6.5379E+00  4.1595E-04
  6.5498E+00  4.1366E-04
  6.5618E+00  3.9580E-04
  6.5737E+00  3.6401E-04
  6.5856E+00  3.2152E-04
  6.5975E+00  2.7284E-04
  6.6094E+00  2.2339E-04
  6.6213E+00  1.7883E-04
  6.6332E+00  1.4447E-04
  6.6451E+00  1.2463E-04
  6.6570E+00  1.2208E-04
  6.6689E+00  1.3766E-04
  6.6808E+00  1.7009E-04
  6.6928E+00  2.1608E-04
  6.7047E+00  2.7060E-04
  6.7166E+00  3.2746E-04
  6.7285E+00  3.8007E-04
  6.7404E+00  4.2221E-04
  6.7523E+00  4.4883E-04
  6.7642E+00  4.5677E-04
  6.7761E+00  4.4527E-04
  6.7880E+00  4.1615E-04
  6.7999E+00  3.7380E-04
  6.8118E+00  3.2474E-04
  6.8237E+00  2.7704E-04
  6.8357E+00  2.3935E-04
  6.8476E+00  2.1998E-04
  6.8595E+00  2.2590E-04
  6.8714E+00  2.6179E-04
  6.8833E+00  3.2947E-04
  6.8952E+00  4.2751E-04
  6.9071E+00  5.5134E-04
  6.9190E+00  6.9372E-04
  6.9309E+00  8.4561E-04
  6.9428E+00  9.9736E-04
  6.9547E+00  1.1401E-03
  6.9667E+00  1.2669E-03
  6.9786E+00  1.3744E-03
  6.9905E+00  1.4631E-03
  7.0024E+00  1.5384E-03
  7.0143E+00  1.6098E-03
  7.0262E+00  1.6905E-03
  7.0381E+00  1.7958E-03
  7.0500E+00  1.9417E-03
  7.0619E+00  2.1423E-03
  7.0738E+00  2.4081E-03
  7.0857E+00  2.7440E-03
  7.0977E+00  3.1474E-03
  7.1096E+00  3.6076E-03
  7.1215E+00  4.1057E-03
  7.1334E+00  4.6152E-03
  7.1453E+00  5.1040E-03
  7.1572E+00  5.5368E-03
  7.1691E+00  5.8781E-03
  7.1810E+00  6.0966E-03
  7.1929E+00  6.1677E-03
  7.2048E+00  6.0776E-03
  7.2167E+00  5.8252E-03
  7.2286E+00  5.4237E-03
  7.2406E+00  4.9004E-03
  7.2525E+00  4.2953E-03
  7.2644E+00  3.6582E-03
  7.2763E+00  3.0446E-03
  7.2882E+00  2.5111E-03
  7.3001E+00  2.1098E-03
  7.3120E+00  1.8831E-03
  7.3239E+00  1.8593E-03
  7.3358E+00  2.0490E-03
  7.3477E+00  2.4433E-03
  7.3596E+00  3.0130E-03
  7.3716E+00  3.7112E-03
  7.3835E+00  4.4763E-03
  7.3954E+00  5.2376E-03
  7.4073E+00  5.9222E-03
  7.4192E+00  6.4619E-03
  7.4311E+00  6.8014E-03
  7.4430E+00  6.9043E-03
  7.4549E+00  6.7590E-03
  7.4668E+00  6.3815E-03
  7.4787E+00  5.8160E-03
  7.4906E+00  5.1329E-03
  7.5026E+00  4.4235E-03
  7.5145E+00  3.7928E-03
  7.5264E+00  3.3506E-03
  7.5383E+00  3.2008E-03
  7.5502E+00  3.4321E-03
  7.5621E+00  4.1088E-03
  7.5740E+00  5.2637E-03
  7.5859E+00  6.8943E-03
  7.5978E+00  8.9618E-03
  7.6097E+00  1.1394E-02
  7.6216E+00  1.4092E-02
  7.6335E+00  1.6941E-02
  7.6455E+00  1.9821E-02
  7.6574E+00  2.2626E-02
  7.6693E+00  2.5272E-02
  7.6812E+00  2.7717E-02
  7.6931E+00  2.9972E-02
  7.7050E+00  3.2106E-02
  7.7169E+00  3.4251E-02
  7.7288E+00  3.6599E-02
  7.7407E+00  3.9394E-02
  7.7526E+00  4.2915E-02
  7.7645E+00  4.7461E-02
  7.7765E+00  5.3323E-02
  7.7884E+00  6.0763E-02
  7.8003E+00  6.9987E-02
  7.8122E+00  8.1121E-02
  7.8241E+00  9.4195E-02
  7.8360E+00  1.0912E-01
  7.8479E+00  1.2570E-01
  7.8598E+00  1.4361E-01
  7.8717E+00  1.6241E-01
  7.8836E+00  1.8155E-01
  7.8955E+00  2.0045E-01
  7.9075E+00  2.1843E-01
  7.9194E+00  2.3484E-01
  7.9313E+00  2.4905E-01
  7.9432E+00  2.6047E-01
  7.9551E+00  2.6864E-01
  7.9670E+00  2.7321E-01
  7.9789E+00  2.7399E-01
  7.9908E+00  2.7094E-01
  8.0027E+00  2.6418E-01
  8.0146E+00  2.5401E-01
  8.0265E+00  2.4086E-01
  8.0384E+00  2.2525E-01
  8.0504E+00  2.0780E-01
  8.0623E+00  1.8916E-01
  8.0742E+00  1.7000E-01
  8.0861E+00  1.5094E-01
  8.0980E+00  1.3256E-01
  8.1099E+00  1.1533E-01
  8.1218E+00  9.9631E-02
  8.1337E+00  8.5717E-02
  8.1456E+00  7.3726E-02
  8.1575E+00  6.3679E-02
  8.1694E+00  5.5492E-02
  8.1814E+00  4.8994E-02
  8.1933E+00  4.3949E-02
  8.2052E+00  4.0079E-02
  8.2171E+00  3.7086E-02
  8.2290E+00  3.4682E-02
  8.2409E+00  3.2604E-02
  8.2528E+00  3.0633E-02
  8.2647E+00  2.8604E-02
  8.2766E+00  2.6412E-02
  8.2885E+00  2.4016E-02
  8.3004E+00  2.1424E-02
  8.3124E+00  1.8694E-02
  8.3243E+00  1.5915E-02
  8.3362E+00  1.3197E-02
  8.3481E+00  1.0652E-02
  8.3600E+00  8.3847E-03
  8.3719E+00  6.4819E-03
  8.3838E+00  5.0012E-03
  8.3957E+00  3.9685E-03
  8.4076E+00  3.3756E-03
  8.4195E+00  3.1831E-03
  8.4314E+00  3.3243E-03
  8.4433E+00  3.7132E-03
  8.4553E+00  4.2525E-03
  8.4672E+00  4.8431E-03
  8.4791E+00  5.3929E-03
  8.4910E+00  5.8243E-03
  8.5029E+00  6.0805E-03
  8.5148E+00  6.1287E-03
  8.5267E+00  5.9613E-03
  8.5386E+00  5.5947E-03
  8.5505E+00  5.0657E-03
  8.5624E+00  4.4262E-03
  8.5743E+00  3.7371E-03
  8.5863E+00  3.0618E-03
  8.5982E+00  2.4598E-03
  8.6101E+00  1.9810E-03
  8.6220E+00  1.6620E-03
  8.6339E+00  1.5228E-03
  8.6458E+00  1.5665E-03
  8.6577E+00  1.7796E-03
  8.6696E+00  2.1344E-03
  8.6815E+00  2.5920E-03
  8.6934E+00  3.1068E-03
  8.7053E+00  3.6307E-03
  8.7173E+00  4.1178E-03
  8.7292E+00  4.5279E-03
  8.7411E+00  4.8300E-03
  8.7530E+00  5.0043E-03
  8.7649E+00  5.0429E-03
  8.7768E+00  4.9494E-03
  8.7887E+00  4.7378E-03
  8.8006E+00  4.4301E-03
  8.8125E+00  4.0535E-03
  8.8244E+00  3.6373E-03
  8.8363E+00  3.2103E-03
  8.8482E+00  2.7980E-03
  8.8602E+00  2.4208E-03
  8.8721E+00  2.0926E-03
  8.8840E+00  1.8208E-03
  8.8959E+00  1.6059E-03
  8.9078E+00  1.4432E-03
  8.9197E+00  1.3236E-03
  8.9316E+00  1.2353E-03
  8.9435E+00  1.1657E-03
  8.9554E+00  1.1031E-03
  8.9673E+00  1.0377E-03
  8.9792E+00  9.6266E-04
  8.9912E+00  8.7487E-04
  9.0031E+00  7.7456E-04
  9.0150E+00  6.6505E-04
  9.0269E+00  5.5196E-04
  9.0388E+00  4.4218E-04
  9.0507E+00  3.4279E-04
  9.0626E+00  2.6004E-04
  9.0745E+00  1.9850E-04
  9.0864E+00  1.6049E-04
  9.0983E+00  1.4583E-04
  9.1102E+00  1.5193E-04
  9.1222E+00  1.7420E-04
  9.1341E+00  2.0662E-04
  9.1460E+00  2.4256E-04
  9.1579E+00  2.7556E-04
  9.1698E+00  3.0014E-04
  9.1817E+00  3.1232E-04
  9.1936E+00  3.1015E-04
  9.2055E+00  2.9377E-04
  9.2174E+00  2.6535E-04
  9.2293E+00  2.2871E-04
  9.2412E+00  1.8884E-04
  9.2531E+00  1.5113E-04
  9.2651E+00  1.2077E-04
  9.2770E+00  1.0200E-04
  9.2889E+00  9.7639E-05
  9.3008E+00  1.0870E-04
  9.3127E+00  1.3429E-04
  9.3246E+00  1.7173E-04
  9.3365E+00  2.1689E-04
  9.3484E+00  2.6468E-04
  9.3603E+00  3.0966E-04
  9.3722E+00  3.4673E-04
  9.3841E+00  3.7162E-04
  9.3961E+00  3.8149E-04
  9.4080E+00  3.7515E-04
  9.4199E+00  3.5323E-04
  9.4318E+00  3.1809E-04
  9.4437E+00  2.7352E-04
  9.4556E+00  2.2429E-04
  9.4675E+00  1.7563E-04
  9.4794E+00  1.3263E-04
  9.4913E+00  9.9644E-05
  9.5032E+00  7.9802E-05
  9.5151E+00  7.4700E-05
  9.5271E+00  8.4221E-05
  9.5390E+00  1.0658E-04
  9.5509E+00  1.3855E-04
  9.5628E+00  1.7588E-04
  9.5747E+00  2.1380E-04
  9.5866E+00  2.4757E-04
  9.5985E+00  2.7306E-04
  9.6104E+00  2.8721E-04
  9.6223E+00  2.8835E-04
  9.6342E+00  2.7643E-04
  9.6461E+00  2.5296E-04
  9.6580E+00  2.2086E-04
  9.6700E+00  1.8411E-04
  9.6819E+00  1.4725E-04
  9.6938E+00  1.1493E-04
  9.7057E+00  9.1321E-05
  9.7176E+00  7.9665E-05
  9.7295E+00  8.1890E-05
  9.7414E+00  9.8380E-05
  9.7533E+00  1.2793E-04
  9.7652E+00  1.6785E-04
  9.7771E+00  2.1427E-04
  9.7890E+00  2.6255E-04
  9.8010E+00  3.0781E-04
  9.8129E+00  3.4544E-04
  9.8248E+00  3.7159E-04
  9.8367E+00  3.8365E-04
  9.8486E+00  3.8044E-04
  9.8605E+00  3.6240E-04
  9.8724E+00  3.3146E-04
  9.8843E+00  2.9088E-04
  9.8962E+00  2.4483E-04
  9.9081E+00  1.9798E-04
  9.9200E+00  1.5498E-04
  9.9319E+00  1.1994E-04
  9.9439E+00  9.6072E-05
  9.9558E+00  8.5297E-05
  9.9677E+00  8.8099E-05
  9.9796E+00  1.0349E-04
  9.9915E+00  1.2913E-04
  1.0003E+01  1.6163E-04
  1.0015E+01  1.9690E-04
  1.0027E+01  2.3066E-04
  1.0039E+01  2.5886E-04
  1.0051E+01  2.7818E-04
  1.0063E+01  2.8634E-04
  1.0075E+01  2.8237E-04
  1.0087E+01  2.6665E-04
  1.0099E+01  2.4090E-04
  1.0111E+01  2.0790E-04
  1.0122E+01  1.7120E-04
  1.0134E+01  1.3469E-04
  1.0146E+01  1.0215E-04
  1.0158E+01  7.6857E-05
  1.0170E+01  6.1202E-05
  1.0182E+01  5.6455E-05
  1.0194E+01  6.2642E-05
  1.0206E+01  7.8557E-05
  1.0218E+01  1.0193E-04
  1.0230E+01  1.2968E-04
  1.0242E+01  1.5829E-04
  1.0253E+01  1.8421E-04
  1.0265E+01  2.0428E-04
  1.0277E+01  2.1604E-04
  1.0289E+01  2.1809E-04
  1.0301E+01  2.1016E-04
  1.0313E+01  1.9320E-04
  1.0325E+01  1.6923E-04
  1.0337E+01  1.4110E-04
  1.0349E+01  1.1215E-04
  1.0361E+01  8.5846E-05
  1.0373E+01  6.5338E-05
  1.0384E+01  5.3130E-05
  1.0396E+01  5.0788E-05
  1.0408E+01  5.8770E-05
  1.0420E+01  7.6391E-05
  1.0432E+01  1.0192E-04
  1.0444E+01  1.3278E-04
  1.0456E+01  1.6591E-04
  1.0468E+01  1.9807E-04
  1.0480E+01  2.2631E-04
  1.0492E+01  2.4827E-04
  1.0504E+01  2.6254E-04
  1.0515E+01  2.6881E-04
  1.0527E+01  2.6795E-04
  1.0539E+01  2.6193E-04
  1.0551E+01  2.5361E-04
  1.0563E+01  2.4640E-04
  1.0575E+01  2.4382E-04
  1.0587E+01  2.4911E-04
  1.0599E+01  2.6476E-04
  1.0611E+01  2.9216E-04
  1.0623E+01  3.3137E-04
  1.0635E+01  3.8100E-04
  1.0646E+01  4.3828E-04
  1.0658E+01  4.9927E-04
  1.0670E+01  5.5923E-04
  1.0682E+01  6.1305E-04
  1.0694E+01  6.5579E-04
  1.0706E+01  6.8316E-04
  1.0718E+01  6.9206E-04
  1.0730E+01  6.8086E-04
  1.0742E+01  6.4971E-04
  1.0754E+01  6.0055E-04
  1.0766E+01  5.3703E-04
  1.0777E+01  4.6418E-04
  1.0789E+01  3.8799E-04
  1.0801E+01  3.1486E-04
  1.0813E+01  2.5094E-04
  1.0825E+01  2.0157E-04
  1.0837E+01  1.7071E-04
  1.0849E+01  1.6055E-04
  1.0861E+01  1.7126E-04
  1.0873E+01  2.0098E-04
  1.0885E+01  2.4597E-04
  1.0897E+01  3.0099E-04
  1.0908E+01  3.5986E-04
  1.0920E+01  4.1603E-04
  1.0932E+01  4.6326E-04
  1.0944E+01  4.9631E-04
  1.0956E+01  5.1140E-04
  1.0968E+01  5.0668E-04
  1.0980E+01  4.8242E-04
  1.0992E+01  4.4103E-04
  1.1004E+01  3.8684E-04
  1.1016E+01  3.2570E-04
  1.1028E+01  2.6442E-04
  1.1039E+01  2.1013E-04
  1.1051E+01  1.6951E-04
  1.1063E+01  1.4815E-04
  1.1075E+01  1.4994E-04
  1.1087E+01  1.7666E-04
  1.1099E+01  2.2776E-04
  1.1111E+01  3.0039E-04
  1.1123E+01  3.8969E-04
  1.1135E+01  4.8922E-04
  1.1147E+01  5.9168E-04
  1.1159E+01  6.8960E-04
  1.1170E+01  7.7620E-04
  1.1182E+01  8.4606E-04
  1.1194E+01  8.9582E-04
  1.1206E+01  9.2458E-04
  1.1218E+01  9.3413E-04
  1.1230E+01  9.2895E-04
  1.1242E+01  9.1593E-04
  1.1254E+01  9.0388E-04
  1.1266E+01  9.0281E-04
  1.1278E+01  9.2312E-04
  1.1290E+01  9.7471E-04
  1.1301E+01  1.0660E-03
  1.1313E+01  1.2034E-03
  1.1325E+01  1.3902E-03
  1.1337E+01  1.6265E-03
  1.1349E+01  1.9090E-03
  1.1361E+01  2.2310E-03
  1.1373E+01  2.5827E-03
  1.1385E+01  2.9522E-03
  1.1397E+01  3.3258E-03
  1.1409E+01  3.6890E-03
  1.1421E+01  4.0278E-03
  1.1432E+01  4.3291E-03
  1.1444E+01  4.5816E-03
  1.1456E+01  4.7765E-03
  1.1468E+01  4.9078E-03
  1.1480E+01  4.9726E-03
  1.1492E+01  4.9709E-03
  1.1504E+01  4.9055E-03
  1.1516E+01  4.7817E-03
  1.1528E+01  4.6065E-03
  1.1540E+01  4.3886E-03
  1.1552E+01  4.1373E-03
  1.1563E+01  3.8620E-03
  1.1575E+01  3.5719E-03
  1.1587E+01  3.2756E-03
  1.1599E+01  2.9803E-03
  1.1611E+01  2.6923E-03
  1.1623E+01  2.4163E-03
  1.1635E+01  2.1558E-03
  1.1647E+01  1.9131E-03
  1.1659E+01  1.6896E-03
  1.1671E+01  1.4857E-03
  1.1683E+01  1.3013E-03
  1.1694E+01  1.1360E-03
  1.1706E+01  9.8908E-04
  1.1718E+01  8.5961E-04
  1.1730E+01  7.4670E-04
  1.1742E+01  6.4937E-04
  1.1754E+01  5.6657E-04
  1.1766E+01  4.9713E-04
  1.1778E+01  4.3974E-04
  1.1790E+01  3.9294E-04
  1.1802E+01  3.5510E-04
  1.1814E+01  3.2444E-04
  1.1825E+01  2.9916E-04
  1.1837E+01  2.7746E-04
  1.1849E+01  2.5770E-04
  1.1861E+01  2.3848E-04
  1.1873E+01  2.1877E-04
  1.1885E+01  1.9796E-04
  1.1897E+01  1.7591E-04
  1.1909E+01  1.5295E-04
  1.1921E+01  1.2978E-04
  1.1933E+01  1.0741E-04
  1.1945E+01  8.7016E-05
  1.1956E+01  6.9780E-05
  1.1968E+01  5.6736E-05
  1.1980E+01  4.8639E-05
  1.1992E+01  4.5850E-05
  1.2004E+01  4.8277E-05
  1.2016E+01  5.5359E-05
  1.2028E+01  6.6110E-05
  1.2040E+01  7.9210E-05
  1.2052E+01  9.3136E-05
  1.2064E+01  1.0633E-04
  1.2076E+01  1.1735E-04
  1.2087E+01  1.2505E-04
  1.2099E+01  1.2874E-04
  1.2111E+01  1.2820E-04
  1.2123E+01  1.2380E-04
  1.2135E+01  1.1643E-04
  1.2147E+01  1.0742E-04
  1.2159E+01  9.8418E-05
  1.2171E+01  9.1205E-05
  1.2183E+01  8.7509E-05
  1.2195E+01  8.8813E-05
  1.2207E+01  9.6189E-05
  1.2218E+01  1.1017E-04
  1.2230E+01  1.3069E-04
  1.2242E+01  1.5705E-04
  1.2254E+01  1.8797E-04
  1.2266E+01  2.2170E-04
  1.2278E+01  2.5617E-04
  1.2290E+01  2.8918E-04
  1.2302E+01  3.1855E-04
  1.2314E+01  3.4235E-04
  1.2326E+01  3.5906E-04
  1.2338E+01  3.6769E-04
  1.2349E+01  3.6782E-04
  1.2361E+01  3.5967E-04
  1.2373E+01  3.4404E-04
  1.2385E+01  3.2218E-04
  1.2397E+01  2.9573E-04
  1.2409E+01  2.6646E-04
  1.2421E+01  2.3619E-04
  1.2433E+01  2.0658E-04
  1.2445E+01  1.7901E-04
  1.2457E+01  1.5448E-04
  1.2469E+01  1.3359E-04
  1.2480E+01  1.1649E-04
  1.2492E+01  1.0299E-04
  1.2504E+01  9.2562E-05
  1.2516E+01  8.4513E-05
  1.2528E+01  7.8059E-05
  1.2540E+01  7.2440E-05
  1.2552E+01  6.7021E-05
  1.2564E+01  6.1351E-05
  1.2576E+01  5.5202E-05
  1.2588E+01  4.8571E-05
  1.2600E+01  4.1652E-05
  1.2611E+01  3.4780E-05
  1.2623E+01  2.8364E-05
  1.2635E+01  2.2806E-05
  1.2647E+01  1.8437E-05
  1.2659E+01  1.5458E-05
  1.2671E+01  1.3910E-05
  1.2683E+01  1.3670E-05
  1.2695E+01  1.4469E-05
  1.2707E+01  1.5941E-05
  1.2719E+01  1.7682E-05
  1.2731E+01  1.9311E-05
  1.2742E+01  2.0542E-05
  1.2754E+01  2.1222E-05
  1.2766E+01  2.1367E-05
  1.2778E+01  2.1160E-05
  1.2790E+01  2.0929E-05
  1.2802E+01  2.1097E-05
  1.2814E+01  2.2119E-05
  1.2826E+01  2.4402E-05
  1.2838E+01  2.8235E-05
  1.2850E+01  3.3722E-05
  1.2862E+01  4.0746E-05
  1.2873E+01  4.8953E-05
  1.2885E+01  5.7775E-05
  1.2897E+01  6.6478E-05
  1.2909E+01  7.4251E-05
  1.2921E+01  8.0296E-05
  1.2933E+01  8.3938E-05
  1.2945E+01  8.4721E-05
  1.2957E+01  8.2485E-05
  1.2969E+01  7.7406E-05
  1.2981E+01  7.0007E-05
  1.2993E+01  6.1114E-05
  1.3004E+01  5.1780E-05
  1.3016E+01  4.3175E-05
  1.3028E+01  3.6456E-05
  1.3040E+01  3.2625E-05
  1.3052E+01  3.2409E-05
  1.3064E+01  3.6151E-05
  1.3076E+01  4.3756E-05
  1.3088E+01  5.4672E-05
  1.3100E+01  6.7936E-05
  1.3112E+01  8.2261E-05
  1.3124E+01  9.6182E-05
  1.3135E+01  1.0822E-04
  1.3147E+01  1.1705E-04
  1.3159E+01  1.2170E-04
  1.3171E+01  1.2168E-04
  1.3183E+01  1.1707E-04
  1.3195E+01  1.0852E-04
  1.3207E+01  9.7268E-05
  1.3219E+01  8.4984E-05
  1.3231E+01  7.3605E-05
  1.3243E+01  6.5129E-05
  1.3255E+01  6.1379E-05
  1.3266E+01  6.3782E-05
  1.3278E+01  7.3173E-05
  1.3290E+01  8.9668E-05
  1.3302E+01  1.1260E-04
  1.3314E+01  1.4052E-04
  1.3326E+01  1.7136E-04
  1.3338E+01  2.0256E-04
  1.3350E+01  2.3135E-04
  1.3362E+01  2.5502E-04
  1.3374E+01  2.7122E-04
  1.3386E+01  2.7827E-04
  1.3397E+01  2.7530E-04
  1.3409E+01  2.6246E-04
  1.3421E+01  2.4092E-04
  1.3433E+01  2.1275E-04
  1.3445E+01  1.8083E-04
  1.3457E+01  1.4848E-04
  1.3469E+01  1.1915E-04
  1.3481E+01  9.6088E-05
  1.3493E+01  8.1937E-05
  1.3505E+01  7.8466E-05
  1.3517E+01  8.6353E-05
  1.3528E+01  1.0508E-04
  1.3540E+01  1.3298E-04
  1.3552E+01  1.6737E-04
  1.3564E+01  2.0480E-04
  1.3576E+01  2.4143E-04
  1.3588E+01  2.7345E-04
  1.3600E+01  2.9742E-04
  1.3612E+01  3.1071E-04
  1.3624E+01  3.1179E-04
  1.3636E+01  3.0041E-04
  1.3647E+01  2.7764E-04
  1.3659E+01  2.4584E-04
  1.3671E+01  2.0836E-04
  1.3683E+01  1.6923E-04
  1.3695E+01  1.3271E-04
  1.3707E+01  1.0279E-04
  1.3719E+01  8.2787E-05
  1.3731E+01  7.4923E-05
  1.3743E+01  8.0068E-05
  1.3755E+01  9.7626E-05
  1.3767E+01  1.2558E-04
  1.3778E+01  1.6073E-04
  1.3790E+01  1.9899E-04
  1.3802E+01  2.3592E-04
  1.3814E+01  2.6718E-04
  1.3826E+01  2.8906E-04
  1.3838E+01  2.9895E-04
  1.3850E+01  2.9564E-04
  1.3862E+01  2.7957E-04
  1.3874E+01  2.5275E-04
  1.3886E+01  2.1868E-04
  1.3898E+01  1.8192E-04
  1.3909E+01  1.4765E-04
  1.3921E+01  1.2107E-04
  1.3933E+01  1.0679E-04
  1.3945E+01  1.0830E-04
  1.3957E+01  1.2750E-04
  1.3969E+01  1.6446E-04
  1.3981E+01  2.1740E-04
  1.3993E+01  2.8285E-04
  1.4005E+01  3.5604E-04
  1.4017E+01  4.3156E-04
  1.4029E+01  5.0394E-04
  1.4040E+01  5.6851E-04
  1.4052E+01  6.2196E-04
  1.4064E+01  6.6295E-04
  1.4076E+01  6.9241E-04
  1.4088E+01  7.1362E-04
  1.4100E+01  7.3198E-04
  1.4112E+01  7.5452E-04
  1.4124E+01  7.8913E-04
  1.4136E+01  8.4363E-04
  1.4148E+01  9.2474E-04
  1.4160E+01  1.0371E-03
  1.4171E+01  1.1823E-03
  1.4183E+01  1.3584E-03
  1.4195E+01  1.5596E-03
  1.4207E+01  1.7762E-03
  1.4219E+01  1.9955E-03
  1.4231E+01  2.2027E-03
  1.4243E+01  2.3817E-03
  1.4255E+01  2.5176E-03
  1.4267E+01  2.5972E-03
  1.4279E+01  2.6113E-03
  1.4291E+01  2.5554E-03
  1.4302E+01  2.4310E-03
  1.4314E+01  2.2453E-03
  1.4326E+01  2.0115E-03
  1.4338E+01  1.7477E-03
  1.4350E+01  1.4754E-03
  1.4362E+01  1.2181E-03
  1.4374E+01  9.9898E-04
  1.4386E+01  8.3869E-04
  1.4398E+01  7.5336E-04
  1.4410E+01  7.5278E-04
  1.4422E+01  8.3915E-04
  1.4433E+01  1.0065E-03
  1.4445E+01  1.2409E-03
  1.4457E+01  1.5213E-03
  1.4469E+01  1.8218E-03
  1.4481E+01  2.1133E-03
  1.4493E+01  2.3671E-03
  1.4505E+01  2.5573E-03
  1.4517E+01  2.6641E-03
  1.4529E+01  2.6758E-03
  1.4541E+01  2.5907E-03
  1.4553E+01  2.4179E-03
  1.4564E+01  2.1769E-03
  1.4576E+01  1.8967E-03
  1.4588E+01  1.6132E-03
  1.4600E+01  1.3664E-03
  1.4612E+01  1.1969E-03
  1.4624E+01  1.1420E-03
  1.4636E+01  1.2323E-03
  1.4648E+01  1.4882E-03
  1.4660E+01  1.9180E-03
  1.4672E+01  2.5160E-03
  1.4684E+01  3.2633E-03
  1.4695E+01  4.1290E-03
  1.4707E+01  5.0728E-03
  1.4719E+01  6.0497E-03
  1.4731E+01  7.0144E-03
  1.4743E+01  7.9272E-03
  1.4755E+01  8.7595E-03
  1.4767E+01  9.4980E-03
  1.4779E+01  1.0149E-02
  1.4791E+01  1.0741E-02
  1.4803E+01  1.1324E-02
  1.4815E+01  1.1969E-02
  1.4826E+01  1.2763E-02
  1.4838E+01  1.3806E-02
  1.4850E+01  1.5200E-02
  1.4862E+01  1.7047E-02
  1.4874E+01  1.9432E-02
  1.4886E+01  2.2425E-02
  1.4898E+01  2.6064E-02
  1.4910E+01  3.0352E-02
  1.4922E+01  3.5256E-02
  1.4934E+01  4.0697E-02
  1.4946E+01  4.6559E-02
  1.4957E+01  5.2689E-02
  1.4969E+01  5.8902E-02
  1.4981E+01  6.4992E-02
  1.4993E+01  7.0744E-02
  1.5005E+01  7.5944E-02
  1.5017E+01  8.0390E-02
  1.5029E+01  8.3909E-02
  1.5041E+01  8.6362E-02
  1.5053E+01  8.7653E-02
  1.5065E+01  8.7736E-02
  1.5077E+01  8.6615E-02
  1.5088E+01  8.4344E-02
  1.5100E+01  8.1023E-02
  1.5112E+01  7.6789E-02
  1.5124E+01  7.1812E-02
  1.5136E+01  6.6282E-02
  1.5148E+01  6.0401E-02
  1.5160E+01  5.4367E-02
  1.5172E+01  4.8373E-02
  1.5184E+01  4.2587E-02
  1.5196E+01  3.7155E-02
  1.5208E+01  3.2188E-02
  1.5219E+01  2.7763E-02
  1.5231E+01  2.3921E-02
  1.5243E+01  2.0667E-02
  1.5255E+01  1.7976E-02
  1.5267E+01  1.5797E-02
  1.5279E+01  1.4062E-02
  1.5291E+01  1.2689E-02
  1.5303E+01  1.1593E-02
  1.5315E+01  1.0690E-02
  1.5327E+01  9.9065E-03
  1.5339E+01  9.1796E-03
  1.5350E+01  8.4630E-03
  1.5362E+01  7.7270E-03
  1.5374E+01  6.9581E-03
  1.5386E+01  6.1576E-03
  1.5398E+01  5.3390E-03
  1.5410E+01  4.5242E-03
  1.5422E+01  3.7399E-03
  1.5434E+01  3.0140E-03
  1.5446E+01  2.3720E-03
  1.5458E+01  1.8340E-03
  1.5470E+01  1.4132E-03
  1.5481E+01  1.1141E-03
  1.5493E+01  9.3267E-04
  1.5505E+01  8.5700E-04
  1.5517E+01  8.6862E-04
  1.5529E+01  9.4456E-04
  1.5541E+01  1.0596E-03
  1.5553E+01  1.1886E-03
  1.5565E+01  1.3086E-03
  1.5577E+01  1.4010E-03
  1.5589E+01  1.4521E-03
  1.5601E+01  1.4546E-03
  1.5612E+01  1.4072E-03
  1.5624E+01  1.3139E-03
  1.5636E+01  1.1838E-03
  1.5648E+01  1.0288E-03
  1.5660E+01  8.6295E-04
  1.5672E+01  7.0056E-04
  1.5684E+01  5.5476E-04
  1.5696E+01  4.3638E-04
  1.5708E+01  3.5305E-04
  1.5720E+01  3.0874E-04
  1.5732E+01  3.0354E-04
  1.5743E+01  3.3403E-04
  1.5755E+01  3.9377E-04
  1.5767E+01  4.7417E-04
  1.5779E+01  5.6544E-04
  1.5791E+01  6.5759E-04
  1.5803E+01  7.4138E-04
  1.5815E+01  8.0909E-04
  1.5827E+01  8.5511E-04
  1.5839E+01  8.7624E-04
  1.5851E+01  8.7176E-04
  1.5863E+01  8.4321E-04
  1.5874E+01  7.9402E-04
  1.5886E+01  7.2900E-04
  1.5898E+01  6.5373E-04
  1.5910E+01  5.7396E-04
  1.5922E+01  4.9505E-04
  1.5934E+01  4.2156E-04
  1.5946E+01  3.5687E-04
  1.5958E+01  3.0306E-04
  1.5970E+01  2.6087E-04
  1.5982E+01  2.2983E-04
  1.5994E+01  2.0846E-04
  1.6005E+01  1.9460E-04
  1.6017E+01  1.8576E-04
  1.6029E+01  1.7941E-04
  1.6041E+01  1.7331E-04
  1.6053E+01  1.6573E-04
  1.6065E+01  1.5560E-04
  1.6077E+01  1.4253E-04
  1.6089E+01  1.2678E-04
  1.6101E+01  1.0916E-04
  1.6113E+01  9.0833E-05
  1.6125E+01  7.3129E-05
  1.6136E+01  5.7355E-05
  1.6148E+01  4.4613E-05
  1.6160E+01  3.5666E-05
  1.6172E+01  3.0860E-05
  1.6184E+01  3.0098E-05
  1.6196E+01  3.2874E-05
  1.6208E+01  3.8348E-05
  1.6220E+01  4.5463E-05
  1.6232E+01  5.3072E-05
  1.6244E+01  6.0077E-05
  1.6256E+01  6.5543E-05
  1.6267E+01  6.8797E-05
  1.6279E+01  6.9484E-05
  1.6291E+01  6.7582E-05
  1.6303E+01  6.3380E-05
  1.6315E+01  5.7419E-05
  1.6327E+01  5.0410E-05
  1.6339E+01  4.3133E-05
  1.6351E+01  3.6344E-05
  1.6363E+01  3.0680E-05
  1.6375E+01  2.6599E-05
  1.6387E+01  2.4336E-05
  1.6398E+01  2.3891E-05
  1.6410E+01  2.5048E-05
  1.6422E+01  2.7415E-05
  1.6434E+01  3.0483E-05
  1.6446E+01  3.3695E-05
  1.6458E+01  3.6512E-05
  1.6470E+01  3.8478E-05
  1.6482E+01  3.9267E-05
  1.6494E+01  3.8711E-05
  1.6506E+01  3.6813E-05
  1.6518E+01  3.3734E-05
  1.6529E+01  2.9762E-05
  1.6541E+01  2.5276E-05
  1.6553E+01  2.0688E-05
  1.6565E+01  1.6398E-05
  1.6577E+01  1.2749E-05
  1.6589E+01  9.9866E-06
  1.6601E+01  8.2403E-06
  1.6613E+01  7.5181E-06
  1.6625E+01  7.7144E-06
  1.6637E+01  8.6318E-06
  1.6649E+01  1.0011E-05
  1.6660E+01  1.1569E-05
  1.6672E+01  1.3028E-05
  1.6684E+01  1.4156E-05
  1.6696E+01  1.4780E-05
  1.6708E+01  1.4810E-05
  1.6720E+01  1.4235E-05
  1.6732E+01  1.3121E-05
  1.6744E+01  1.1597E-05
  1.6756E+01  9.8287E-06
  1.6768E+01  8.0020E-06
  1.6780E+01  6.2935E-06
  1.6791E+01  4.8522E-06
  1.6803E+01  3.7830E-06
  1.6815E+01  3.1384E-06
  1.6827E+01  2.9165E-06
  1.6839E+01  3.0671E-06
  1.6851E+01  3.5023E-06
  1.6863E+01  4.1112E-06
  1.6875E+01  4.7765E-06
  1.6887E+01  5.3895E-06
  1.6899E+01  5.8626E-06
  1.6911E+01  6.1379E-06
  1.6922E+01  6.1905E-06
  1.6934E+01  6.0279E-06
  1.6946E+01  5.6845E-06
  1.6958E+01  5.2135E-06
  1.6970E+01  4.6775E-06
  1.6982E+01  4.1385E-06
  1.6994E+01  3.6496E-06
  1.7006E+01  3.2489E-06
  1.7018E+01  2.9563E-06
  1.7030E+01  2.7733E-06
  1.7042E+01  2.6857E-06
  1.7053E+01  2.6681E-06
  1.7065E+01  2.6900E-06
  1.7077E+01  2.7213E-06
  1.7089E+01  2.7380E-06
  1.7101E+01  2.7249E-06
  1.7113E+01  2.6772E-06
  1.7125E+01  2.5998E-06
  1.7137E+01  2.5047E-06
  1.7149E+01  2.4073E-06
  1.7161E+01  2.3223E-06
  1.7173E+01  2.2601E-06
  1.7184E+01  2.2245E-06
  1.7196E+01  2.2115E-06
  1.7208E+01  2.2107E-06
  1.7220E+01  2.2067E-06
  1.7232E+01  2.1838E-06
  1.7244E+01  2.1291E-06
  1.7256E+01  2.0364E-06
  1.7268E+01  1.9089E-06
  1.7280E+01  1.7596E-06
  1.7292E+01  1.6110E-06
  1.7304E+01  1.4913E-06
  1.7315E+01  1.4306E-06
  1.7327E+01  1.4548E-06
  1.7339E+01  1.5810E-06
  1.7351E+01  1.8130E-06
  1.7363E+01  2.1395E-06
  1.7375E+01  2.5341E-06
  1.7387E+01  2.9589E-06
  1.7399E+01  3.3707E-06
  1.7411E+01  3.7284E-06
  1.7423E+01  4.0016E-06
  1.7435E+01  4.1789E-06
  1.7446E+01  4.2738E-06
  1.7458E+01  4.3279E-06
  1.7470E+01  4.4093E-06
  1.7482E+01  4.6081E-06
  1.7494E+01  5.0267E-06
  1.7506E+01  5.7673E-06
  1.7518E+01  6.9187E-06
  1.7530E+01  8.5420E-06
  1.7542E+01  1.0661E-05
  1.7554E+01  1.3254E-05
  1.7565E+01  1.6257E-05
  1.7577E+01  1.9568E-05
  1.7589E+01  2.3064E-05
  1.7601E+01  2.6619E-05
  1.7613E+01  3.0128E-05
  1.7625E+01  3.3531E-05
  1.7637E+01  3.6836E-05
  1.7649E+01  4.0127E-05
  1.7661E+01  4.3574E-05
  1.7673E+01  4.7418E-05
  1.7685E+01  5.1952E-05
  1.7696E+01  5.7488E-05
  1.7708E+01  6.4310E-05
  1.7720E+01  7.2627E-05
  1.7732E+01  8.2528E-05
  1.7744E+01  9.3932E-05
  1.7756E+01  1.0657E-04
  1.7768E+01  1.1996E-04
  1.7780E+01  1.3344E-04
  1.7792E+01  1.4618E-04
  1.7804E+01  1.5728E-04
  1.7816E+01  1.6579E-04
  1.7827E+01  1.7090E-04
  1.7839E+01  1.7195E-04
  1.7851E+01  1.6859E-04
  1.7863E+01  1.6082E-04
  1.7875E+01  1.4906E-04
  1.7887E+01  1.3414E-04
  1.7899E+01  1.1728E-04
  1.7911E+01  1.0000E-04
  1.7923E+01  8.3999E-05
  1.7935E+01  7.1002E-05
  1.7947E+01  6.2599E-05
  1.7958E+01  6.0068E-05
  1.7970E+01  6.4220E-05
  1.7982E+01  7.5283E-05
  1.7994E+01  9.2824E-05
  1.8006E+01  1.1575E-04
  1.8018E+01  1.4234E-04
  1.8030E+01  1.7042E-04
  1.8042E+01  1.9752E-04
  1.8054E+01  2.2109E-04
  1.8066E+01  2.3886E-04
  1.8078E+01  2.4901E-04
  1.8089E+01  2.5051E-04
  1.8101E+01  2.4326E-04
  1.8113E+01  2.2823E-04
  1.8125E+01  2.0750E-04
  1.8137E+01  1.8411E-04
  1.8149E+01  1.6193E-04
  1.8161E+01  1.4529E-04
  1.8173E+01  1.3868E-04
  1.8185E+01  1.4626E-04
  1.8197E+01  1.7152E-04
  1.8209E+01  2.1693E-04
  1.8220E+01  2.8359E-04
  1.8232E+01  3.7116E-04
  1.8244E+01  4.7783E-04
  1.8256E+01  6.0049E-04
  1.8268E+01  7.3503E-04
  1.8280E+01  8.7685E-04
  1.8292E+01  1.0214E-03
  1.8304E+01  1.1649E-03
  1.8316E+01  1.3050E-03
  1.8328E+01  1.4413E-03
  1.8340E+01  1.5760E-03
  1.8351E+01  1.7140E-03
  1.8363E+01  1.8631E-03
  1.8375E+01  2.0338E-03
  1.8387E+01  2.2389E-03
  1.8399E+01  2.4922E-03
  1.8411E+01  2.8082E-03
  1.8423E+01  3.2004E-03
  1.8435E+01  3.6801E-03
  1.8447E+01  4.2556E-03
  1.8459E+01  4.9305E-03
  1.8471E+01  5.7029E-03
  1.8482E+01  6.5654E-03
  1.8494E+01  7.5037E-03
  1.8506E+01  8.4979E-03
  1.8518E+01  9.5223E-03
  1.8530E+01  1.0547E-02
  1.8542E+01  1.1537E-02
  1.8554E+01  1.2459E-02
  1.8566E+01  1.3277E-02
  1.8578E+01  1.3958E-02
  1.8590E+01  1.4475E-02
  1.8602E+01  1.4803E-02
  1.8613E+01  1.4928E-02
  1.8625E+01  1.4844E-02
  1.8637E+01  1.4553E-02
  1.8649E+01  1.4065E-02
  1.8661E+01  1.3402E-02
  1.8673E+01  1.2589E-02
  1.8685E+01  1.1660E-02
  1.8697E+01  1.0650E-02
  1.8709E+01  9.5977E-03
  1.8721E+01  8.5392E-03
  1.8733E+01  7.5089E-03
  1.8744E+01  6.5365E-03
  1.8756E+01  5.6462E-03
  1.8768E+01  4.8551E-03
  1.8780E+01  4.1736E-03
  1.8792E+01  3.6048E-03
  1.8804E+01  3.1454E-03
  1.8816E+01  2.7864E-03
  1.8828E+01  2.5145E-03
  1.8840E+01  2.3133E-03
  1.8852E+01  2.1647E-03
  1.8864E+01  2.0508E-03
  1.8875E+01  1.9548E-03
  1.8887E+01  1.8626E-03
  1.8899E+01  1.7631E-03
  1.8911E+01  1.6492E-03
  1.8923E+01  1.5176E-03
  1.8935E+01  1.3688E-03
  1.8947E+01  1.2063E-03
  1.8959E+01  1.0362E-03
  1.8971E+01  8.6601E-04
  1.8983E+01  7.0369E-04
  1.8995E+01  5.5691E-04
  1.9006E+01  4.3215E-04
  1.9018E+01  3.3408E-04
  1.9030E+01  2.6519E-04
  1.9042E+01  2.2559E-04
  1.9054E+01  2.1314E-04
  1.9066E+01  2.2374E-04
  1.9078E+01  2.5173E-04
  1.9090E+01  2.9057E-04
  1.9102E+01  3.3340E-04
  1.9114E+01  3.7371E-04
  1.9126E+01  4.0592E-04
  1.9137E+01  4.2584E-04
  1.9149E+01  4.3094E-04
  1.9161E+01  4.2053E-04
  1.9173E+01  3.9568E-04
  1.9185E+01  3.5901E-04
  1.9197E+01  3.1432E-04
  1.9209E+01  2.6613E-04
  1.9221E+01  2.1924E-04
  1.9233E+01  1.7816E-04
  1.9245E+01  1.4674E-04
  1.9257E+01  1.2780E-04
  1.9268E+01  1.2291E-04
  1.9280E+01  1.3228E-04
  1.9292E+01  1.5484E-04
  1.9304E+01  1.8836E-04
  1.9316E+01  2.2972E-04
  1.9328E+01  2.7525E-04
  1.9340E+01  3.2103E-04
  1.9352E+01  3.6331E-04
  1.9364E+01  3.9880E-04
  1.9376E+01  4.2493E-04
  1.9388E+01  4.4004E-04
  1.9399E+01  4.4345E-04
  1.9411E+01  4.3547E-04
  1.9423E+01  4.1728E-04
  1.9435E+01  3.9074E-04
  1.9447E+01  3.5818E-04
  1.9459E+01  3.2215E-04
  1.9471E+01  2.8515E-04
  1.9483E+01  2.4941E-04
  1.9495E+01  2.1670E-04
  1.9507E+01  1.8828E-04
  1.9519E+01  1.6475E-04
  1.9530E+01  1.4619E-04
  1.9542E+01  1.3215E-04
  1.9554E+01  1.2180E-04
  1.9566E+01  1.1408E-04
  1.9578E+01  1.0789E-04
  1.9590E+01  1.0215E-04
  1.9602E+01  9.6025E-05
  1.9614E+01  8.8922E-05
  1.9626E+01  8.0594E-05
  1.9638E+01  7.1107E-05
  1.9650E+01  6.0816E-05
  1.9661E+01  5.0278E-05
  1.9673E+01  4.0163E-05
  1.9685E+01  3.1152E-05
  1.9697E+01  2.3829E-05
  1.9709E+01  1.8611E-05
  1.9721E+01  1.5682E-05
  1.9733E+01  1.4981E-05
  1.9745E+01  1.6209E-05
  1.9757E+01  1.8870E-05
  1.9769E+01  2.2342E-05
  1.9781E+01  2.5952E-05
  1.9792E+01  2.9066E-05
  1.9804E+01  3.1162E-05
  1.9816E+01  3.1895E-05
  1.9828E+01  3.1134E-05
  1.9840E+01  2.8972E-05
  1.9852E+01  2.5712E-05
  1.9864E+01  2.1822E-05
  1.9876E+01  1.7874E-05
  1.9888E+01  1.4468E-05
  1.9900E+01  1.2154E-05
  1.9912E+01  1.1358E-05
  1.9923E+01  1.2327E-05
  1.9935E+01  1.5092E-05
  1.9947E+01  1.9459E-05
  1.9959E+01  2.5032E-05
  1.9971E+01  3.1253E-05
  1.9983E+01  3.7471E-05
  1.9995E+01  4.3015E-05
  2.0007E+01  4.7274E-05
  2.0019E+01  4.9770E-05
  2.0031E+01  5.0217E-05
  2.0043E+01  4.8551E-05
  2.0054E+01  4.4942E-05
  2.0066E+01  3.9776E-05
  2.0078E+01  3.3615E-05
  2.0090E+01  2.7130E-05
  2.0102E+01  2.1029E-05
  2.0114E+01  1.5979E-05
  2.0126E+01  1.2526E-05
  2.0138E+01  1.1038E-05
  2.0150E+01  1.1659E-05
  2.0162E+01  1.4293E-05
  2.0174E+01  1.8614E-05
  2.0185E+01  2.4103E-05
  2.0197E+01  3.0106E-05
  2.0209E+01  3.5914E-05
  2.0221E+01  4.0842E-05
  2.0233E+01  4.4312E-05
  2.0245E+01  4.5919E-05
  2.0257E+01  4.5486E-05
  2.0269E+01  4.3081E-05
  2.0281E+01  3.9014E-05
  2.0293E+01  3.3805E-05
  2.0305E+01  2.8127E-05
  2.0316E+01  2.2729E-05
  2.0328E+01  1.8354E-05
  2.0340E+01  1.5655E-05
  2.0352E+01  1.5115E-05
  2.0364E+01  1.6993E-05
  2.0376E+01  2.1287E-05
  2.0388E+01  2.7728E-05
  2.0400E+01  3.5800E-05
  2.0412E+01  4.4792E-05
  2.0424E+01  5.3869E-05
  2.0436E+01  6.2161E-05
  2.0447E+01  6.8854E-05
  2.0459E+01  7.3280E-05
  2.0471E+01  7.4991E-05
  2.0483E+01  7.3811E-05
  2.0495E+01  6.9856E-05
  2.0507E+01  6.3527E-05
  2.0519E+01  5.5467E-05
  2.0531E+01  4.6496E-05
  2.0543E+01  3.7524E-05
  2.0555E+01  2.9456E-05
  2.0567E+01  2.3097E-05
  2.0578E+01  1.9069E-05
  2.0590E+01  1.7742E-05
  2.0602E+01  1.9203E-05
  2.0614E+01  2.3241E-05
  2.0626E+01  2.9374E-05
  2.0638E+01  3.6899E-05
  2.0650E+01  4.4966E-05
  2.0662E+01  5.2673E-05
  2.0674E+01  5.9156E-05
  2.0686E+01  6.3690E-05
  2.0698E+01  6.5763E-05
  2.0709E+01  6.5130E-05
  2.0721E+01  6.1846E-05
  2.0733E+01  5.6253E-05
  2.0745E+01  4.8944E-05
  2.0757E+01  4.0695E-05
  2.0769E+01  3.2381E-05
  2.0781E+01  2.4874E-05
  2.0793E+01  1.8953E-05
  2.0805E+01  1.5210E-05
  2.0817E+01  1.3994E-05
  2.0829E+01  1.5368E-05
  2.0840E+01  1.9106E-05
  2.0852E+01  2.4720E-05
  2.0864E+01  3.1516E-05
  2.0876E+01  3.8672E-05
  2.0888E+01  4.5331E-05
  2.0900E+01  5.0697E-05
  2.0912E+01  5.4131E-05
  2.0924E+01  5.5221E-05
  2.0936E+01  5.3835E-05
  2.0948E+01  5.0138E-05
  2.0960E+01  4.4578E-05
  2.0971E+01  3.7838E-05
  2.0983E+01  3.0762E-05
  2.0995E+01  2.4257E-05
  2.1007E+01  1.9191E-05
  2.1019E+01  1.6293E-05
  2.1031E+01  1.6067E-05
  2.1043E+01  1.8736E-05
  2.1055E+01  2.4210E-05
  2.1067E+01  3.2104E-05
  2.1079E+01  4.1777E-05
  2.1091E+01  5.2416E-05
  2.1102E+01  6.3128E-05
  2.1114E+01  7.3054E-05
  2.1126E+01  8.1482E-05
  2.1138E+01  8.7938E-05
  2.1150E+01  9.2259E-05
  2.1162E+01  9.4631E-05
  2.1174E+01  9.5583E-05
  2.1186E+01  9.5943E-05
  2.1198E+01  9.6750E-05
  2.1210E+01  9.9138E-05
  2.1222E+01  1.0420E-04
  2.1233E+01  1.1283E-04
  2.1245E+01  1.2562E-04
  2.1257E+01  1.4272E-04
  2.1269E+01  1.6381E-04
  2.1281E+01  1.8802E-04
  2.1293E+01  2.1407E-04
  2.1305E+01  2.4027E-04
  2.1317E+01  2.6471E-04
  2.1329E+01  2.8543E-04
  2.1341E+01  3.0060E-04
  2.1353E+01  3.0873E-04
  2.1364E+01  3.0881E-04
  2.1376E+01  3.0047E-04
  2.1388E+01  2.8402E-04
  2.1400E+01  2.6053E-04
  2.1412E+01  2.3169E-04
  2.1424E+01  1.9975E-04
  2.1436E+01  1.6732E-04
  2.1448E+01  1.3713E-04
  2.1460E+01  1.1181E-04
  2.1472E+01  9.3595E-05
  2.1483E+01  8.4144E-05
  2.1495E+01  8.4324E-05
  2.1507E+01  9.4114E-05
  2.1519E+01  1.1258E-04
  2.1531E+01  1.3793E-04
  2.1543E+01  1.6769E-04
  2.1555E+01  1.9890E-04
  2.1567E+01  2.2841E-04
  2.1579E+01  2.5320E-04
  2.1591E+01  2.7068E-04
  2.1603E+01  2.7898E-04
  2.1614E+01  2.7714E-04
  2.1626E+01  2.6528E-04
  2.1638E+01  2.4462E-04
  2.1650E+01  2.1740E-04
  2.1662E+01  1.8677E-04
  2.1674E+01  1.5646E-04
  2.1686E+01  1.3049E-04
  2.1698E+01  1.1281E-04
  2.1710E+01  1.0690E-04
  2.1722E+01  1.1541E-04
  2.1734E+01  1.3992E-04
  2.1745E+01  1.8070E-04
  2.1757E+01  2.3669E-04
  2.1769E+01  3.0552E-04
  2.1781E+01  3.8376E-04
  2.1793E+01  4.6723E-04
  2.1805E+01  5.5142E-04
  2.1817E+01  6.3202E-04
  2.1829E+01  7.0537E-04
  2.1841E+01  7.6899E-04
  2.1853E+01  8.2196E-04
  2.1865E+01  8.6519E-04
  2.1876E+01  9.0159E-04
  2.1888E+01  9.3599E-04
  2.1900E+01  9.7498E-04
  2.1912E+01  1.0265E-03
  2.1924E+01  1.0993E-03
  2.1936E+01  1.2025E-03
  2.1948E+01  1.3443E-03
  2.1960E+01  1.5320E-03
  2.1972E+01  1.7708E-03
  2.1984E+01  2.0632E-03
  2.1996E+01  2.4086E-03
  2.2007E+01  2.8034E-03
  2.2019E+01  3.2401E-03
  2.2031E+01  3.7085E-03
  2.2043E+01  4.1952E-03
  2.2055E+01  4.6849E-03
  2.2067E+01  5.1611E-03
  2.2079E+01  5.6065E-03
  2.2091E+01  6.0047E-03
  2.2103E+01  6.3407E-03
  2.2115E+01  6.6016E-03
  2.2127E+01  6.7776E-03
  2.2138E+01  6.8623E-03
  2.2150E+01  6.8533E-03
  2.2162E+01  6.7518E-03
  2.2174E+01  6.5626E-03
  2.2186E+01  6.2941E-03
  2.2198E+01  5.9575E-03
  2.2210E+01  5.5659E-03
  2.2222E+01  5.1342E-03
  2.2234E+01  4.6776E-03
  2.2246E+01  4.2113E-03
  2.2258E+01  3.7496E-03
  2.2269E+01  3.3050E-03
  2.2281E+01  2.8880E-03
  2.2293E+01  2.5066E-03
  2.2305E+01  2.1661E-03
  2.2317E+01  1.8692E-03
  2.2329E+01  1.6160E-03
  2.2341E+01  1.4044E-03
  2.2353E+01  1.2306E-03
  2.2365E+01  1.0895E-03
  2.2377E+01  9.7540E-04
  2.2389E+01  8.8227E-04
  2.2400E+01  8.0434E-04
  2.2412E+01  7.3646E-04
  2.2424E+01  6.7437E-04
  2.2436E+01  6.1488E-04
  2.2448E+01  5.5590E-04
  2.2460E+01  4.9643E-04
  2.2472E+01  4.3642E-04
  2.2484E+01  3.7660E-04
  2.2496E+01  3.1822E-04
  2.2508E+01  2.6287E-04
  2.2520E+01  2.1216E-04
  2.2531E+01  1.6755E-04
  2.2543E+01  1.3019E-04
  2.2555E+01  1.0074E-04
  2.2567E+01  7.9381E-05
  2.2579E+01  6.5765E-05
  2.2591E+01  5.9077E-05
  2.2603E+01  5.8130E-05
  2.2615E+01  6.1483E-05
  2.2627E+01  6.7578E-05
  2.2639E+01  7.4876E-05
  2.2651E+01  8.1976E-05
  2.2662E+01  8.7717E-05
  2.2674E+01  9.1246E-05
  2.2686E+01  9.2052E-05
  2.2698E+01  8.9973E-05
  2.2710E+01  8.5164E-05
  2.2722E+01  7.8048E-05
  2.2734E+01  6.9246E-05
  2.2746E+01  5.9497E-05
  2.2758E+01  4.9575E-05
  2.2770E+01  4.0216E-05
  2.2782E+01  3.2049E-05
  2.2793E+01  2.5549E-05
  2.2805E+01  2.1009E-05
  2.2817E+01  1.8525E-05
  2.2829E+01  1.8013E-05
  2.2841E+01  1.9230E-05
  2.2853E+01  2.1810E-05
  2.2865E+01  2.5313E-05
  2.2877E+01  2.9270E-05
  2.2889E+01  3.3224E-05
  2.2901E+01  3.6774E-05
  2.2913E+01  3.9595E-05
  2.2924E+01  4.1466E-05
  2.2936E+01  4.2266E-05
  2.2948E+01  4.1980E-05
  2.2960E+01  4.0682E-05
  2.2972E+01  3.8516E-05
  2.2984E+01  3.5678E-05
  2.2996E+01  3.2390E-05
  2.3008E+01  2.8877E-05
  2.3020E+01  2.5349E-05
  2.3032E+01  2.1983E-05
  2.3044E+01  1.8917E-05
  2.3055E+01  1.6238E-05
  2.3067E+01  1.3989E-05
  2.3079E+01  1.2169E-05
  2.3091E+01  1.0744E-05
  2.3103E+01  9.6512E-06
  2.3115E+01  8.8177E-06
  2.3127E+01  8.1647E-06
  2.3139E+01  7.6191E-06
  2.3151E+01  7.1198E-06
  2.3163E+01  6.6224E-06
  2.3175E+01  6.1007E-06
  2.3186E+01  5.5470E-06
  2.3198E+01  4.9689E-06
  2.3210E+01  4.3864E-06
  2.3222E+01  3.8270E-06
  2.3234E+01  3.3211E-06
  2.3246E+01  2.8975E-06
  2.3258E+01  2.5799E-06
  2.3270E+01  2.3838E-06
  2.3282E+01  2.3153E-06
  2.3294E+01  2.3701E-06
  2.3306E+01  2.5343E-06
  2.3317E+01  2.7861E-06
  2.3329E+01  3.0976E-06
  2.3341E+01  3.4376E-06
  2.3353E+01  3.7744E-06
  2.3365E+01  4.0780E-06
  2.3377E+01  4.3229E-06
  2.3389E+01  4.4893E-06
  2.3401E+01  4.5646E-06
  2.3413E+01  4.5439E-06
  2.3425E+01  4.4295E-06
  2.3437E+01  4.2304E-06
  2.3448E+01  3.9609E-06
  2.3460E+01  3.6395E-06
  2.3472E+01  3.2868E-06
  2.3484E+01  2.9236E-06
  2.3496E+01  2.5699E-06
  2.3508E+01  2.2428E-06
  2.3520E+01  1.9557E-06
  2.3532E+01  1.7178E-06
  2.3544E+01  1.5337E-06
  2.3556E+01  1.4034E-06
  2.3568E+01  1.3233E-06
  2.3579E+01  1.2869E-06
  2.3591E+01  1.2861E-06
  2.3603E+01  1.3121E-06
  2.3615E+01  1.3566E-06
  2.3627E+01  1.4128E-06
  2.3639E+01  1.4755E-06
  2.3651E+01  1.5419E-06
  2.3663E+01  1.6106E-06
  2.3675E+01  1.6819E-06
  2.3687E+01  1.7561E-06
  2.3699E+01  1.8337E-06
  2.3710E+01  1.9137E-06
  2.3722E+01  1.9936E-06
  2.3734E+01  2.0693E-06
  2.3746E+01  2.1352E-06
  2.3758E+01  2.1848E-06
  2.3770E+01  2.2121E-06
  2.3782E+01  2.2128E-06
  2.3794E+01  2.1857E-06
  2.3806E+01  2.1340E-06
  2.3818E+01  2.0665E-06
  2.3830E+01  1.9971E-06
  2.3841E+01  1.9450E-06
  2.3853E+01  1.9330E-06
  2.3865E+01  1.9852E-06
  2.3877E+01  2.1245E-06
  2.3889E+01  2.3695E-06
  2.3901E+01  2.7308E-06
  2.3913E+01  3.2092E-06
  2.3925E+01  3.7931E-06
  2.3937E+01  4.4581E-06
  2.3949E+01  5.1680E-06
  2.3961E+01  5.8764E-06
  2.3972E+01  6.5310E-06
  2.3984E+01  7.0780E-06
  2.3996E+01  7.4677E-06
  2.4008E+01  7.6606E-06
  2.4020E+01  7.6320E-06
  2.4032E+01  7.3773E-06
  2.4044E+01  6.9134E-06
  2.4056E+01  6.2803E-06
  2.4068E+01  5.5381E-06
  2.4080E+01  4.7630E-06
  2.4092E+01  4.0409E-06
  2.4103E+01  3.4584E-06
  2.4115E+01  3.0942E-06
  2.4127E+01  3.0100E-06
  2.4139E+01  3.2426E-06
  2.4151E+01  3.7982E-06
  2.4163E+01  4.6500E-06
  2.4175E+01  5.7385E-06
  2.4187E+01  6.9762E-06
  2.4199E+01  8.2553E-06
  2.4211E+01  9.4574E-06
  2.4223E+01  1.0466E-05
  2.4234E+01  1.1178E-05
  2.4246E+01  1.1518E-05
  2.4258E+01  1.1442E-05
  2.4270E+01  1.0950E-05
  2.4282E+01  1.0084E-05
  2.4294E+01  8.9271E-06
  2.4306E+01  7.5943E-06
  2.4318E+01  6.2243E-06
  2.4330E+01  4.9635E-06
  2.4342E+01  3.9507E-06
  2.4354E+01  3.3015E-06
  2.4365E+01  3.0943E-06
  2.4377E+01  3.3605E-06
  2.4389E+01  4.0792E-06
  2.4401E+01  5.1779E-06
  2.4413E+01  6.5391E-06
  2.4425E+01  8.0129E-06
  2.4437E+01  9.4332E-06
  2.4449E+01  1.0637E-05
  2.4461E+01  1.1483E-05
  2.4473E+01  1.1872E-05
  2.4485E+01  1.1758E-05
  2.4496E+01  1.1157E-05
  2.4508E+01  1.0149E-05
  2.4520E+01  8.8711E-06
  2.4532E+01  7.5066E-06
  2.4544E+01  6.2639E-06
  2.4556E+01  5.3553E-06
  2.4568E+01  4.9725E-06
  2.4580E+01  5.2638E-06
  2.4592E+01  6.3149E-06
  2.4604E+01  8.1374E-06
  2.4616E+01  1.0665E-05
  2.4627E+01  1.3758E-05
  2.4639E+01  1.7221E-05
  2.4651E+01  2.0827E-05
  2.4663E+01  2.4344E-05
  2.4675E+01  2.7568E-05
  2.4687E+01  3.0357E-05
  2.4699E+01  3.2651E-05
  2.4711E+01  3.4492E-05
  2.4723E+01  3.6030E-05
  2.4735E+01  3.7509E-05
  2.4747E+01  3.9253E-05
  2.4758E+01  4.1625E-05
  2.4770E+01  4.4990E-05
  2.4782E+01  4.9663E-05
  2.4794E+01  5.5864E-05
  2.4806E+01  6.3671E-05
  2.4818E+01  7.2995E-05
  2.4830E+01  8.3555E-05
  2.4842E+01  9.4886E-05
  2.4854E+01  1.0636E-04
  2.4866E+01  1.1723E-04
  2.4878E+01  1.2670E-04
  2.4889E+01  1.3399E-04
  2.4901E+01  1.3839E-04
  2.4913E+01  1.3942E-04
  2.4925E+01  1.3681E-04
  2.4937E+01  1.3057E-04
  2.4949E+01  1.2108E-04
  2.4961E+01  1.0897E-04
  2.4973E+01  9.5174E-05
  2.4985E+01  8.0827E-05
  2.4997E+01  6.7170E-05
  2.5009E+01  5.5448E-05
  2.5020E+01  4.6794E-05
  2.5032E+01  4.2113E-05
  2.5044E+01  4.1982E-05
  2.5056E+01  4.6583E-05
  2.5068E+01  5.5658E-05
  2.5080E+01  6.8512E-05
  2.5092E+01  8.4059E-05
  2.5104E+01  1.0091E-04
  2.5116E+01  1.1748E-04
  2.5128E+01  1.3217E-04
  2.5140E+01  1.4351E-04
  2.5151E+01  1.5032E-04
  2.5163E+01  1.5187E-04
  2.5175E+01  1.4797E-04
  2.5187E+01  1.3904E-04
  2.5199E+01  1.2611E-04
  2.5211E+01  1.1079E-04
  2.5223E+01  9.5110E-05
  2.5235E+01  8.1375E-05
  2.5247E+01  7.1974E-05
  2.5259E+01  6.9150E-05
  2.5271E+01  7.4787E-05
  2.5282E+01  9.0217E-05
  2.5294E+01  1.1608E-04
  2.5306E+01  1.5223E-04
  2.5318E+01  1.9773E-04
  2.5330E+01  2.5092E-04
  2.5342E+01  3.0959E-04
  2.5354E+01  3.7118E-04
  2.5366E+01  4.3307E-04
  2.5378E+01  4.9292E-04
  2.5390E+01  5.4900E-04
  2.5401E+01  6.0045E-04
  2.5413E+01  6.4759E-04
  2.5425E+01  6.9204E-04
  2.5437E+01  7.3680E-04
  2.5449E+01  7.8616E-04
  2.5461E+01  8.4549E-04
  2.5473E+01  9.2095E-04
  2.5485E+01  1.0191E-03
  2.5497E+01  1.1462E-03
  2.5509E+01  1.3079E-03
  2.5521E+01  1.5088E-03
  2.5532E+01  1.7514E-03
  2.5544E+01  2.0363E-03
  2.5556E+01  2.3617E-03
  2.5568E+01  2.7228E-03
  2.5580E+01  3.1127E-03
  2.5592E+01  3.5216E-03
  2.5604E+01  3.9379E-03
  2.5616E+01  4.3483E-03
  2.5628E+01  4.7387E-03
  2.5640E+01  5.0947E-03
  2.5652E+01  5.4027E-03
  2.5663E+01  5.6505E-03
  2.5675E+01  5.8280E-03
  2.5687E+01  5.9280E-03
  2.5699E+01  5.9463E-03
  2.5711E+01  5.8825E-03
  2.5723E+01  5.7394E-03
  2.5735E+01  5.5231E-03
  2.5747E+01  5.2427E-03
  2.5759E+01  4.9096E-03
  2.5771E+01  4.5367E-03
  2.5783E+01  4.1379E-03
  2.5794E+01  3.7272E-03
  2.5806E+01  3.3179E-03
  2.5818E+01  2.9220E-03
  2.5830E+01  2.5497E-03
  2.5842E+01  2.2091E-03
  2.5854E+01  1.9056E-03
  2.5866E+01  1.6424E-03
  2.5878E+01  1.4200E-03
  2.5890E+01  1.2369E-03
  2.5902E+01  1.0895E-03
  2.5914E+01  9.7321E-04
  2.5925E+01  8.8224E-04
  2.5937E+01  8.1055E-04
  2.5949E+01  7.5222E-04
  2.5961E+01  7.0182E-04
  2.5973E+01  6.5484E-04
  2.5985E+01  6.0784E-04
  2.5997E+01  5.5861E-04
  2.6009E+01  5.0615E-04
  2.6021E+01  4.5056E-04
  2.6033E+01  3.9284E-04
  2.6045E+01  3.3466E-04
  2.6056E+01  2.7809E-04
  2.6068E+01  2.2528E-04
  2.6080E+01  1.7823E-04
  2.6092E+01  1.3855E-04
  2.6104E+01  1.0732E-04
  2.6116E+01  8.5010E-05
  2.6128E+01  7.1405E-05
  2.6140E+01  6.5699E-05
  2.6152E+01  6.6573E-05
  2.6164E+01  7.2337E-05
  2.6176E+01  8.1107E-05
  2.6187E+01  9.0977E-05
  2.6199E+01  1.0019E-04
  2.6211E+01  1.0730E-04
  2.6223E+01  1.1123E-04
  2.6235E+01  1.1140E-04
  2.6247E+01  1.0769E-04
  2.6259E+01  1.0043E-04
  2.6271E+01  9.0337E-05
  2.6283E+01  7.8379E-05
  2.6295E+01  6.5689E-05
  2.6307E+01  5.3423E-05
  2.6318E+01  4.2646E-05
  2.6330E+01  3.4237E-05
  2.6342E+01  2.8809E-05
  2.6354E+01  2.6668E-05
  2.6366E+01  2.7804E-05
  2.6378E+01  3.1908E-05
  2.6390E+01  3.8418E-05
  2.6402E+01  4.6589E-05
  2.6414E+01  5.5570E-05
  2.6426E+01  6.4491E-05
  2.6438E+01  7.2540E-05
  2.6449E+01  7.9035E-05
  2.6461E+01  8.3475E-05
  2.6473E+01  8.5571E-05
  2.6485E+01  8.5254E-05
  2.6497E+01  8.2662E-05
  2.6509E+01  7.8108E-05
  2.6521E+01  7.2034E-05
  2.6533E+01  6.4957E-05
  2.6545E+01  5.7415E-05
  2.6557E+01  4.9914E-05
  2.6569E+01  4.2883E-05
  2.6580E+01  3.6648E-05
  2.6592E+01  3.1411E-05
  2.6604E+01  2.7247E-05
  2.6616E+01  2.4119E-05
  2.6628E+01  2.1892E-05
  2.6640E+01  2.0367E-05
  2.6652E+01  1.9310E-05
  2.6664E+01  1.8487E-05
  2.6676E+01  1.7686E-05
  2.6688E+01  1.6749E-05
  2.6700E+01  1.5577E-05
  2.6711E+01  1.4140E-05
  2.6723E+01  1.2472E-05
  2.6735E+01  1.0661E-05
  2.6747E+01  8.8280E-06
  2.6759E+01  7.1121E-06
  2.6771E+01  5.6463E-06
  2.6783E+01  4.5401E-06
  2.6795E+01  3.8650E-06
  2.6807E+01  3.6460E-06
  2.6819E+01  3.8594E-06
  2.6831E+01  4.4360E-06
  2.6842E+01  5.2709E-06
  2.6854E+01  6.2365E-06
  2.6866E+01  7.1978E-06
  2.6878E+01  8.0280E-06
  2.6890E+01  8.6225E-06
  2.6902E+01  8.9101E-06
  2.6914E+01  8.8599E-06
  2.6926E+01  8.4826E-06
  2.6938E+01  7.8281E-06
  2.6950E+01  6.9777E-06
  2.6962E+01  6.0335E-06
  2.6973E+01  5.1056E-06
  2.6985E+01  4.2985E-06
  2.6997E+01  3.6991E-06
  2.7009E+01  3.3670E-06
  2.7021E+01  3.3283E-06
  2.7033E+01  3.5734E-06
  2.7045E+01  4.0594E-06
  2.7057E+01  4.7160E-06
  2.7069E+01  5.4542E-06
  2.7081E+01  6.1774E-06
  2.7093E+01  6.7924E-06
  2.7104E+01  7.2201E-06
  2.7116E+01  7.4036E-06
  2.7128E+01  7.3147E-06
  2.7140E+01  6.9557E-06
  2.7152E+01  6.3584E-06
  2.7164E+01  5.5803E-06
  2.7176E+01  4.6969E-06
  2.7188E+01  3.7933E-06
  2.7200E+01  2.9543E-06
  2.7212E+01  2.2551E-06
  2.7224E+01  1.7532E-06
  2.7235E+01  1.4826E-06
  2.7247E+01  1.4507E-06
  2.7259E+01  1.6384E-06
  2.7271E+01  2.0031E-06
  2.7283E+01  2.4846E-06
  2.7295E+01  3.0122E-06
  2.7307E+01  3.5134E-06
  2.7319E+01  3.9220E-06
  2.7331E+01  4.1859E-06
  2.7343E+01  4.2720E-06
  2.7355E+01  4.1698E-06
  2.7366E+01  3.8922E-06
  2.7378E+01  3.4728E-06
  2.7390E+01  2.9621E-06
  2.7402E+01  2.4210E-06
  2.7414E+01  1.9140E-06
  2.7426E+01  1.5014E-06
  2.7438E+01  1.2329E-06
  2.7450E+01  1.1416E-06
  2.7462E+01  1.2405E-06
  2.7474E+01  1.5214E-06
  2.7486E+01  1.9557E-06
  2.7497E+01  2.4980E-06
  2.7509E+01  3.0907E-06
  2.7521E+01  3.6713E-06
  2.7533E+01  4.1785E-06
  2.7545E+01  4.5593E-06
  2.7557E+01  4.7748E-06
  2.7569E+01  4.8038E-06
  2.7581E+01  4.6451E-06
  2.7593E+01  4.3173E-06
  2.7605E+01  3.8564E-06
  2.7617E+01  3.3116E-06
  2.7628E+01  2.7400E-06
  2.7640E+01  2.2001E-06
  2.7652E+01  1.7461E-06
  2.7664E+01  1.4215E-06
  2.7676E+01  1.2553E-06
  2.7688E+01  1.2589E-06
  2.7700E+01  1.4253E-06
  2.7712E+01  1.7301E-06
  2.7724E+01  2.1344E-06
  2.7736E+01  2.5894E-06
  2.7748E+01  3.0415E-06
  2.7759E+01  3.4386E-06
  2.7771E+01  3.7353E-06
  2.7783E+01  3.8981E-06
  2.7795E+01  3.9083E-06
  2.7807E+01  3.7645E-06
  2.7819E+01  3.4816E-06
  2.7831E+01  3.0894E-06
  2.7843E+01  2.6289E-06
  2.7855E+01  2.1478E-06
  2.7867E+01  1.6951E-06
  2.7879E+01  1.3158E-06
  2.7890E+01  1.0460E-06
  2.7902E+01  9.0949E-07
  2.7914E+01  9.1531E-07
  2.7926E+01  1.0568E-06
  2.7938E+01  1.3128E-06
  2.7950E+01  1.6502E-06
  2.7962E+01  2.0274E-06
  2.7974E+01  2.3993E-06
  2.7986E+01  2.7222E-06
  2.7998E+01  2.9586E-06
  2.8010E+01  3.0810E-06
  2.8021E+01  3.0755E-06
  2.8033E+01  2.9423E-06
  2.8045E+01  2.6965E-06
  2.8057E+01  2.3656E-06
  2.8069E+01  1.9865E-06
  2.8081E+01  1.6014E-06
  2.8093E+01  1.2531E-06
  2.8105E+01  9.8015E-07
  2.8117E+01  8.1248E-07
  2.8129E+01  7.6855E-07
  2.8141E+01  8.5330E-07
  2.8152E+01  1.0578E-06
  2.8164E+01  1.3607E-06
  2.8176E+01  1.7306E-06
  2.8188E+01  2.1301E-06
  2.8200E+01  2.5205E-06
  2.8212E+01  2.8662E-06
  2.8224E+01  3.1394E-06
  2.8236E+01  3.3237E-06
  2.8248E+01  3.4164E-06
  2.8260E+01  3.4294E-06
  2.8272E+01  3.3884E-06
  2.8283E+01  3.3299E-06
  2.8295E+01  3.2975E-06
  2.8307E+01  3.3366E-06
  2.8319E+01  3.4893E-06
  2.8331E+01  3.7882E-06
  2.8343E+01  4.2523E-06
  2.8355E+01  4.8834E-06
  2.8367E+01  5.6642E-06
  2.8379E+01  6.5589E-06
  2.8391E+01  7.5153E-06
  2.8403E+01  8.4688E-06
  2.8414E+01  9.3484E-06
  2.8426E+01  1.0083E-05
  2.8438E+01  1.0609E-05
  2.8450E+01  1.0875E-05
  2.8462E+01  1.0851E-05
  2.8474E+01  1.0530E-05
  2.8486E+01  9.9290E-06
  2.8498E+01  9.0923E-06
  2.8510E+01  8.0854E-06
  2.8522E+01  6.9910E-06
  2.8534E+01  5.9019E-06
  2.8545E+01  4.9128E-06
  2.8557E+01  4.1113E-06
  2.8569E+01  3.5694E-06
  2.8581E+01  3.3363E-06
  2.8593E+01  3.4334E-06
  2.8605E+01  3.8514E-06
  2.8617E+01  4.5506E-06
  2.8629E+01  5.4644E-06
  2.8641E+01  6.5047E-06
  2.8653E+01  7.5706E-06
  2.8665E+01  8.5578E-06
  2.8676E+01  9.3686E-06
  2.8688E+01  9.9223E-06
  2.8700E+01  1.0164E-05
  2.8712E+01  1.0069E-05
  2.8724E+01  9.6516E-06
  2.8736E+01  8.9603E-06
  2.8748E+01  8.0780E-06
  2.8760E+01  7.1154E-06
  2.8772E+01  6.2022E-06
  2.8784E+01  5.4760E-06
  2.8796E+01  5.0705E-06
  2.8807E+01  5.1035E-06
  2.8819E+01  5.6660E-06
  2.8831E+01  6.8140E-06
  2.8843E+01  8.5632E-06
  2.8855E+01  1.0888E-05
  2.8867E+01  1.3724E-05
  2.8879E+01  1.6976E-05
  2.8891E+01  2.0528E-05
  2.8903E+01  2.4258E-05
  2.8915E+01  2.8052E-05
  2.8927E+01  3.1823E-05
  2.8938E+01  3.5522E-05
  2.8950E+01  3.9156E-05
  2.8962E+01  4.2792E-05
  2.8974E+01  4.6566E-05
  2.8986E+01  5.0680E-05
  2.8998E+01  5.5398E-05
  2.9010E+01  6.1031E-05
  2.9022E+01  6.7919E-05
  2.9034E+01  7.6412E-05
  2.9046E+01  8.6840E-05
  2.9058E+01  9.9488E-05
  2.9069E+01  1.1457E-04
  2.9081E+01  1.3219E-04
  2.9093E+01  1.5236E-04
  2.9105E+01  1.7493E-04
  2.9117E+01  1.9961E-04
  2.9129E+01  2.2600E-04
  2.9141E+01  2.5353E-04
  2.9153E+01  2.8153E-04
  2.9165E+01  3.0924E-04
  2.9177E+01  3.3584E-04
  2.9188E+01  3.6047E-04
  2.9200E+01  3.8231E-04
  2.9212E+01  4.0056E-04
  2.9224E+01  4.1455E-04
  2.9236E+01  4.2372E-04
  2.9248E+01  4.2766E-04
  2.9260E+01  4.2618E-04
  2.9272E+01  4.1926E-04
  2.9284E+01  4.0710E-04
  2.9296E+01  3.9011E-04
  2.9308E+01  3.6888E-04
  2.9319E+01  3.4416E-04
  2.9331E+01  3.1682E-04
  2.9343E+01  2.8781E-04
  2.9355E+01  2.5811E-04
  2.9367E+01  2.2870E-04
  2.9379E+01  2.0046E-04
  2.9391E+01  1.7417E-04
  2.9403E+01  1.5046E-04
  2.9415E+01  1.2978E-04
  2.9427E+01  1.1239E-04
  2.9439E+01  9.8371E-05
  2.9450E+01  8.7585E-05
  2.9462E+01  7.9753E-05
  2.9474E+01  7.4454E-05
  2.9486E+01  7.1168E-05
  2.9498E+01  6.9320E-05
  2.9510E+01  6.8324E-05
  2.9522E+01  6.7623E-05
  2.9534E+01  6.6727E-05
  2.9546E+01  6.5250E-05
  2.9558E+01  6.2925E-05
  2.9570E+01  5.9624E-05
  2.9581E+01  5.5351E-05
  2.9593E+01  5.0237E-05
  2.9605E+01  4.4521E-05
  2.9617E+01  3.8515E-05
  2.9629E+01  3.2578E-05
  2.9641E+01  2.7073E-05
  2.9653E+01  2.2337E-05
  2.9665E+01  1.8644E-05
  2.9677E+01  1.6187E-05
  2.9689E+01  1.5051E-05
  2.9701E+01  1.5218E-05
  2.9712E+01  1.6559E-05
  2.9724E+01  1.8856E-05
  2.9736E+01  2.1815E-05
  2.9748E+01  2.5100E-05
  2.9760E+01  2.8357E-05
  2.9772E+01  3.1254E-05
  2.9784E+01  3.3502E-05
  2.9796E+01  3.4888E-05
  2.9808E+01  3.5287E-05
  2.9820E+01  3.4680E-05
  2.9832E+01  3.3148E-05
  2.9843E+01  3.0867E-05
  2.9855E+01  2.8091E-05
  2.9867E+01  2.5127E-05
  2.9879E+01  2.2307E-05
  2.9891E+01  1.9957E-05
  2.9903E+01  1.8368E-05
  2.9915E+01  1.7768E-05
  2.9927E+01  1.8304E-05
  2.9939E+01  2.0027E-05
  2.9951E+01  2.2891E-05
  2.9963E+01  2.6754E-05
  2.9974E+01  3.1391E-05
  2.9986E+01  3.6515E-05
  2.9998E+01  4.1802E-05
  3.0010E+01  4.6911E-05
  3.0022E+01  5.1519E-05
  3.0034E+01  5.5340E-05
  3.0046E+01  5.8145E-05
  3.0058E+01  5.9784E-05
  3.0070E+01  6.0185E-05
  3.0082E+01  5.9361E-05
  3.0094E+01  5.7402E-05
  3.0105E+01  5.4464E-05
  3.0117E+01  5.0751E-05
  3.0129E+01  4.6496E-05
  3.0141E+01  4.1942E-05
  3.0153E+01  3.7320E-05
  3.0165E+01  3.2832E-05
  3.0177E+01  2.8644E-05
  3.0189E+01  2.4869E-05
  3.0201E+01  2.1574E-05
  3.0213E+01  1.8775E-05
  3.0225E+01  1.6450E-05
  3.0236E+01  1.4543E-05
  3.0248E+01  1.2980E-05
  3.0260E+01  1.1677E-05
  3.0272E+01  1.0554E-05
  3.0284E+01  9.5411E-06
  3.0296E+01  8.5874E-06
  3.0308E+01  7.6606E-06
  3.0320E+01  6.7492E-06
  3.0332E+01  5.8590E-06
  3.0344E+01  5.0086E-06
  3.0356E+01  4.2234E-06
  3.0367E+01  3.5296E-06
  3.0379E+01  2.9490E-06
  3.0391E+01  2.4946E-06
  3.0403E+01  2.1689E-06
  3.0415E+01  1.9633E-06
  3.0427E+01  1.8602E-06
  3.0439E+01  1.8361E-06
  3.0451E+01  1.8656E-06
  3.0463E+01  1.9257E-06
  3.0475E+01  1.9994E-06
  3.0487E+01  2.0785E-06
  3.0498E+01  2.1644E-06
  3.0510E+01  2.2676E-06
  3.0522E+01  2.4047E-06
  3.0534E+01  2.5957E-06
  3.0546E+01  2.8585E-06
  3.0558E+01  3.2051E-06
  3.0570E+01  3.6375E-06
  3.0582E+01  4.1449E-06
  3.0594E+01  4.7031E-06
  3.0606E+01  5.2757E-06
  3.0618E+01  5.8174E-06
  3.0629E+01  6.2791E-06
  3.0641E+01  6.6141E-06
  3.0653E+01  6.7844E-06
  3.0665E+01  6.7673E-06
  3.0677E+01  6.5595E-06
  3.0689E+01  6.1800E-06
  3.0701E+01  5.6694E-06
  3.0713E+01  5.0872E-06
  3.0725E+01  4.5063E-06
  3.0737E+01  4.0046E-06
  3.0749E+01  3.6567E-06
  3.0760E+01  3.5241E-06
  3.0772E+01  3.6474E-06
  3.0784E+01  4.0395E-06
  3.0796E+01  4.6826E-06
  3.0808E+01  5.5282E-06
  3.0820E+01  6.5012E-06
  3.0832E+01  7.5071E-06
  3.0844E+01  8.4428E-06
  3.0856E+01  9.2082E-06
  3.0868E+01  9.7194E-06
  3.0880E+01  9.9199E-06
  3.0891E+01  9.7897E-06
  3.0903E+01  9.3508E-06
  3.0915E+01  8.6673E-06
  3.0927E+01  7.8411E-06
  3.0939E+01  7.0024E-06
  3.0951E+01  6.2961E-06
  3.0963E+01  5.8656E-06
  3.0975E+01  5.8359E-06
  3.0987E+01  6.2974E-06
  3.0999E+01  7.2928E-06
  3.1011E+01  8.8084E-06
  3.1022E+01  1.0772E-05
  3.1034E+01  1.3055E-05
  3.1046E+01  1.5484E-05
  3.1058E+01  1.7857E-05
  3.1070E+01  1.9962E-05
  3.1082E+01  2.1599E-05
  3.1094E+01  2.2602E-05
  3.1106E+01  2.2863E-05
  3.1118E+01  2.2339E-05
  3.1130E+01  2.1065E-05
  3.1142E+01  1.9155E-05
  3.1153E+01  1.6791E-05
  3.1165E+01  1.4207E-05
  3.1177E+01  1.1667E-05
  3.1189E+01  9.4392E-06
  3.1201E+01  7.7647E-06
  3.1213E+01  6.8345E-06
  3.1225E+01  6.7655E-06
  3.1237E+01  7.5867E-06
  3.1249E+01  9.2336E-06
  3.1261E+01  1.1553E-05
  3.1273E+01  1.4317E-05
  3.1284E+01  1.7245E-05
  3.1296E+01  2.0035E-05
  3.1308E+01  2.2392E-05
  3.1320E+01  2.4063E-05
  3.1332E+01  2.4864E-05
  3.1344E+01  2.4702E-05
  3.1356E+01  2.3588E-05
  3.1368E+01  2.1636E-05
  3.1380E+01  1.9054E-05
  3.1392E+01  1.6123E-05
  3.1404E+01  1.3169E-05
  3.1415E+01  1.0523E-05
  3.1427E+01  8.4866E-06
  3.1439E+01  7.2980E-06
  3.1451E+01  7.1016E-06
  3.1463E+01  7.9308E-06
  3.1475E+01  9.7018E-06
  3.1487E+01  1.2221E-05
  3.1499E+01  1.5206E-05
  3.1511E+01  1.8316E-05
  3.1523E+01  2.1191E-05
  3.1535E+01  2.3494E-05
  3.1546E+01  2.4952E-05
  3.1558E+01  2.5390E-05
  3.1570E+01  2.4756E-05
  3.1582E+01  2.3132E-05
  3.1594E+01  2.0732E-05
  3.1606E+01  1.7879E-05
  3.1618E+01  1.4974E-05
  3.1630E+01  1.2456E-05
  3.1642E+01  1.0748E-05
  3.1654E+01  1.0211E-05
  3.1666E+01  1.1099E-05
  3.1677E+01  1.3530E-05
  3.1689E+01  1.7462E-05
  3.1701E+01  2.2704E-05
  3.1713E+01  2.8927E-05
  3.1725E+01  3.5710E-05
  3.1737E+01  4.2587E-05
  3.1749E+01  4.9109E-05
  3.1761E+01  5.4906E-05
  3.1773E+01  5.9741E-05
  3.1785E+01  6.3554E-05
  3.1797E+01  6.6485E-05
  3.1808E+01  6.8872E-05
  3.1820E+01  7.1226E-05
  3.1832E+01  7.4186E-05
  3.1844E+01  7.8444E-05
  3.1856E+01  8.4662E-05
  3.1868E+01  9.3387E-05
  3.1880E+01  1.0496E-04
  3.1892E+01  1.1945E-04
  3.1904E+01  1.3659E-04
  3.1916E+01  1.5579E-04
  3.1928E+01  1.7613E-04
  3.1939E+01  1.9642E-04
  3.1951E+01  2.1529E-04
  3.1963E+01  2.3132E-04
  3.1975E+01  2.4317E-04
  3.1987E+01  2.4968E-04
  3.1999E+01  2.5008E-04
  3.2011E+01  2.4402E-04
  3.2023E+01  2.3168E-04
  3.2035E+01  2.1377E-04
  3.2047E+01  1.9151E-04
  3.2059E+01  1.6658E-04
  3.2070E+01  1.4094E-04
  3.2082E+01  1.1671E-04
  3.2094E+01  9.5967E-05
  3.2106E+01  8.0561E-05
  3.2118E+01  7.1916E-05
  3.2130E+01  7.0892E-05
  3.2142E+01  7.7673E-05
  3.2154E+01  9.1720E-05
  3.2166E+01  1.1179E-04
  3.2178E+01  1.3605E-04
  3.2190E+01  1.6218E-04
  3.2201E+01  1.8763E-04
  3.2213E+01  2.0987E-04
  3.2225E+01  2.2661E-04
  3.2237E+01  2.3608E-04
  3.2249E+01  2.3722E-04
  3.2261E+01  2.2983E-04
  3.2273E+01  2.1466E-04
  3.2285E+01  1.9336E-04
  3.2297E+01  1.6843E-04
  3.2309E+01  1.4295E-04
  3.2321E+01  1.2038E-04
  3.2332E+01  1.0422E-04
  3.2344E+01  9.7696E-05
  3.2356E+01  1.0346E-04
  3.2368E+01  1.2326E-04
  3.2380E+01  1.5783E-04
  3.2392E+01  2.0669E-04
  3.2404E+01  2.6820E-04
  3.2416E+01  3.3971E-04
  3.2428E+01  4.1777E-04
  3.2440E+01  4.9846E-04
  3.2452E+01  5.7789E-04
  3.2463E+01  6.5256E-04
  3.2475E+01  7.1988E-04
  3.2487E+01  7.7860E-04
  3.2499E+01  8.2906E-04
  3.2511E+01  8.7345E-04
  3.2523E+01  9.1583E-04
  3.2535E+01  9.6201E-04
  3.2547E+01  1.0192E-03
  3.2559E+01  1.0957E-03
  3.2571E+01  1.2000E-03
  3.2583E+01  1.3406E-03
  3.2594E+01  1.5248E-03
  3.2606E+01  1.7583E-03
  3.2618E+01  2.0444E-03
  3.2630E+01  2.3835E-03
  3.2642E+01  2.7731E-03
  3.2654E+01  3.2068E-03
  3.2666E+01  3.6754E-03
  3.2678E+01  4.1664E-03
  3.2690E+01  4.6649E-03
  3.2702E+01  5.1543E-03
  3.2714E+01  5.6171E-03
  3.2725E+01  6.0359E-03
  3.2737E+01  6.3944E-03
  3.2749E+01  6.6784E-03
  3.2761E+01  6.8764E-03
  3.2773E+01  6.9806E-03
  3.2785E+01  6.9872E-03
  3.2797E+01  6.8964E-03
  3.2809E+01  6.7126E-03
  3.2821E+01  6.4441E-03
  3.2833E+01  6.1022E-03
  3.2845E+01  5.7009E-03
  3.2856E+01  5.2559E-03
  3.2868E+01  4.7836E-03
  3.2880E+01  4.3004E-03
  3.2892E+01  3.8216E-03
  3.2904E+01  3.3611E-03
  3.2916E+01  2.9302E-03
  3.2928E+01  2.5376E-03
  3.2940E+01  2.1890E-03
  3.2952E+01  1.8875E-03
  3.2964E+01  1.6329E-03
  3.2976E+01  1.4229E-03
  3.2987E+01  1.2531E-03
  3.2999E+01  1.1177E-03
  3.3011E+01  1.0101E-03
  3.3023E+01  9.2334E-04
  3.3035E+01  8.5085E-04
  3.3047E+01  7.8679E-04
  3.3059E+01  7.2641E-04
  3.3071E+01  6.6628E-04
  3.3083E+01  6.0432E-04
  3.3095E+01  5.3979E-04
  3.3106E+01  4.7310E-04
  3.3118E+01  4.0560E-04
  3.3130E+01  3.3924E-04
  3.3142E+01  2.7629E-04
  3.3154E+01  2.1902E-04
  3.3166E+01  1.6941E-04
  3.3178E+01  1.2894E-04
  3.3190E+01  9.8463E-05
  3.3202E+01  7.8088E-05
  3.3214E+01  6.7234E-05
  3.3226E+01  6.4686E-05
  3.3237E+01  6.8733E-05
  3.3249E+01  7.7349E-05
  3.3261E+01  8.8385E-05
  3.3273E+01  9.9766E-05
  3.3285E+01  1.0967E-04
  3.3297E+01  1.1665E-04
  3.3309E+01  1.1975E-04
  3.3321E+01  1.1856E-04
  3.3333E+01  1.1316E-04
  3.3345E+01  1.0408E-04
  3.3357E+01  9.2243E-05
  3.3368E+01  7.8787E-05
  3.3380E+01  6.4966E-05
  3.3392E+01  5.2009E-05
  3.3404E+01  4.0995E-05
  3.3416E+01  3.2764E-05
  3.3428E+01  2.7849E-05
  3.3440E+01  2.6447E-05
  3.3452E+01  2.8419E-05
  3.3464E+01  3.3331E-05
  3.3476E+01  4.0511E-05
  3.3488E+01  4.9130E-05
  3.3499E+01  5.8290E-05
  3.3511E+01  6.7113E-05
  3.3523E+01  7.4819E-05
  3.3535E+01  8.0789E-05
  3.3547E+01  8.4609E-05
  3.3559E+01  8.6087E-05
  3.3571E+01  8.5249E-05
  3.3583E+01  8.2318E-05
  3.3595E+01  7.7664E-05
  3.3607E+01  7.1763E-05
  3.3619E+01  6.5131E-05
  3.3630E+01  5.8276E-05
  3.3642E+01  5.1647E-05
  3.3654E+01  4.5599E-05
  3.3666E+01  4.0370E-05
  3.3678E+01  3.6074E-05
  3.3690E+01  3.2707E-05
  3.3702E+01  3.0163E-05
  3.3714E+01  2.8265E-05
  3.3726E+01  2.6792E-05
  3.3738E+01  2.5518E-05
  3.3750E+01  2.4235E-05
  3.3761E+01  2.2785E-05
  3.3773E+01  2.1070E-05
  3.3785E+01  1.9061E-05
  3.3797E+01  1.6795E-05
  3.3809E+01  1.4366E-05
  3.3821E+01  1.1904E-05
  3.3833E+01  9.5586E-06
  3.3845E+01  7.4735E-06
  3.3857E+01  5.7695E-06
  3.3869E+01  4.5283E-06
  3.3881E+01  3.7826E-06
  3.3892E+01  3.5138E-06
  3.3904E+01  3.6557E-06
  3.3916E+01  4.1042E-06
  3.3928E+01  4.7314E-06
  3.3940E+01  5.4024E-06
  3.3952E+01  5.9917E-06
  3.3964E+01  6.3990E-06
  3.3976E+01  6.5601E-06
  3.3988E+01  6.4541E-06
  3.4000E+01  6.1043E-06
  3.4012E+01  5.5734E-06
  3.4023E+01  4.9548E-06
  3.4035E+01  4.3588E-06
  3.4047E+01  3.8975E-06
  3.4059E+01  3.6700E-06
  3.4071E+01  3.7483E-06
  3.4083E+01  4.1674E-06
  3.4095E+01  4.9198E-06
  3.4107E+01  5.9552E-06
  3.4119E+01  7.1851E-06
  3.4131E+01  8.4932E-06
  3.4143E+01  9.7475E-06
  3.4154E+01  1.0816E-05
  3.4166E+01  1.1582E-05
  3.4178E+01  1.1957E-05
  3.4190E+01  1.1892E-05
  3.4202E+01  1.1383E-05
  3.4214E+01  1.0474E-05
  3.4226E+01  9.2515E-06
  3.4238E+01  7.8356E-06
  3.4250E+01  6.3679E-06
  3.4262E+01  4.9967E-06
  3.4274E+01  3.8602E-06
  3.4285E+01  3.0717E-06
  3.4297E+01  2.7074E-06
  3.4309E+01  2.7976E-06
  3.4321E+01  3.3235E-06
  3.4333E+01  4.2190E-06
  3.4345E+01  5.3783E-06
  3.4357E+01  6.6668E-06
  3.4369E+01  7.9370E-06
  3.4381E+01  9.0437E-06
  3.4393E+01  9.8611E-06
  3.4405E+01  1.0296E-05
  3.4416E+01  1.0300E-05
  3.4428E+01  9.8736E-06
  3.4440E+01  9.0671E-06
  3.4452E+01  7.9771E-06
  3.4464E+01  6.7352E-06
  3.4476E+01  5.4951E-06
  3.4488E+01  4.4156E-06
  3.4500E+01  3.6437E-06
  3.4512E+01  3.2980E-06
  3.4524E+01  3.4554E-06
  3.4536E+01  4.1419E-06
  3.4547E+01  5.3279E-06
  3.4559E+01  6.9301E-06
  3.4571E+01  8.8195E-06
  3.4583E+01  1.0833E-05
  3.4595E+01  1.2789E-05
  3.4607E+01  1.4509E-05
  3.4619E+01  1.5830E-05
  3.4631E+01  1.6627E-05
  3.4643E+01  1.6824E-05
  3.4655E+01  1.6400E-05
  3.4667E+01  1.5394E-05
  3.4678E+01  1.3902E-05
  3.4690E+01  1.2066E-05
  3.4702E+01  1.0060E-05
  3.4714E+01  8.0723E-06
  3.4726E+01  6.2888E-06
  3.4738E+01  4.8721E-06
  3.4750E+01  3.9459E-06
  3.4762E+01  3.5823E-06
  3.4774E+01  3.7948E-06
  3.4786E+01  4.5373E-06
  3.4798E+01  5.7089E-06
  3.4809E+01  7.1648E-06
  3.4821E+01  8.7321E-06
  3.4833E+01  1.0228E-05
  3.4845E+01  1.1480E-05
  3.4857E+01  1.2343E-05
  3.4869E+01  1.2716E-05
  3.4881E+01  1.2554E-05
  3.4893E+01  1.1871E-05
  3.4905E+01  1.0737E-05
  3.4917E+01  9.2739E-06
  3.4929E+01  7.6404E-06
  3.4940E+01  6.0142E-06
  3.4952E+01  4.5728E-06
  3.4964E+01  3.4742E-06
  3.4976E+01  2.8394E-06
  3.4988E+01  2.7383E-06
  3.5000E+01  3.1820E-06
