  -17.00000      4.3044897E-06
  -16.99000      7.8925650E-06
  -16.98000      2.0360865E-05
  -16.97000      4.3565833E-05
  -16.96000      7.9292295E-05
  -16.95000      1.2921098E-04
  -16.94000      1.9468181E-04
  -16.93000      2.7670604E-04
  -16.92000      3.7606826E-04
  -16.91000      4.9306400E-04
  -16.90000      6.2759547E-04
  -16.89000      7.7916204E-04
  -16.88000      9.4637746E-04
  -16.87000      1.1277833E-03
  -16.86000      1.3211041E-03
  -16.85000      1.5235898E-03
  -16.84000      1.7323126E-03
  -16.83000      1.9437660E-03
  -16.82000      2.1543053E-03
  -16.81000      2.3599088E-03
  -16.80000      2.5565622E-03
  -16.79000      2.7406754E-03
  -16.78000      2.9080932E-03
  -16.77000      3.0556938E-03
  -16.76000      3.1802836E-03
  -16.75000      3.2787076E-03
  -16.74000      3.3489768E-03
  -16.73000      3.3890964E-03
  -16.72000      3.3983153E-03
  -16.71000      3.3763500E-03
  -16.70000      3.3235995E-03
  -16.69000      3.2410263E-03
  -16.68000      3.1304678E-03
  -16.67000      2.9942160E-03
  -16.66000      2.8351783E-03
  -16.65000      2.6567332E-03
  -16.64000      2.4625002E-03
  -16.63000      2.2562065E-03
  -16.62000      2.0423352E-03
  -16.61000      1.8244772E-03
  -16.60000      1.6074214E-03
  -16.59000      1.3946531E-03
  -16.58000      1.1898958E-03
  -16.57000      9.9668198E-04
  -16.56000      8.1733253E-04
  -16.55000      6.5471639E-04
  -16.54000      5.1011785E-04
  -16.53000      3.8484993E-04
  -16.52000      2.7937855E-04
  -16.51000      1.9363119E-04
  -16.50000      1.2714170E-04
  -16.49000      7.8756537E-05
  -16.48000      4.7025162E-05
  -16.47000      3.0193485E-05
  -16.46000      2.6121001E-05
  -16.45000      3.2540152E-05
  -16.44000      4.7032408E-05
  -16.43000      6.7222885E-05
  -16.42000      9.0755064E-05
  -16.41000      1.1549091E-04
  -16.40000      1.3946960E-04
  -16.39000      1.6102850E-04
  -16.38000      1.7883012E-04
  -16.37000      1.9186482E-04
  -16.36000      1.9946456E-04
  -16.35000      2.0133518E-04
  -16.34000      1.9749271E-04
  -16.33000      1.8829007E-04
  -16.32000      1.7433366E-04
  -16.31000      1.5649997E-04
  -16.30000      1.3579459E-04
  -16.29000      1.1338380E-04
  -16.28000      9.0471476E-05
  -16.27000      6.8218331E-05
  -16.26000      4.7809721E-05
  -16.25000      3.0204257E-05
  -16.24000      1.6310403E-05
  -16.23000      6.7629699E-06
  -16.22000      1.9664722E-06
  -16.21000      2.1900339E-06
  -16.20000      7.3758306E-06
  -16.19000      1.7269531E-05
  -16.18000      3.1330263E-05
  -16.17000      4.8899870E-05
  -16.16000      6.9047892E-05
  -16.15000      9.0824913E-05
  -16.14000      1.1313346E-04
  -16.13000      1.3488246E-04
  -16.12000      1.5495946E-04
  -16.11000      1.7239610E-04
  -16.10000      1.8621529E-04
  -16.09000      1.9572256E-04
  -16.08000      2.0030375E-04
  -16.07000      1.9966987E-04
  -16.06000      1.9372071E-04
  -16.05000      1.8268013E-04
  -16.04000      1.6697140E-04
  -16.03000      1.4739847E-04
  -16.02000      1.2489450E-04
  -16.01000      1.0072248E-04
  -16.00000      7.6241740E-05
  -15.99000      5.3029602E-05
  -15.98000      3.2685744E-05
  -15.97000      1.6945382E-05
  -15.96000      7.4125714E-06
  -15.95000      5.7217840E-06
  -15.94000      1.3335240E-05
  -15.93000      3.1532240E-05
  -15.92000      6.1304003E-05
  -15.91000      1.0341465E-04
  -15.90000      1.5818731E-04
  -15.89000      2.2568231E-04
  -15.88000      3.0549287E-04
  -15.87000      3.9688041E-04
  -15.86000      4.9875776E-04
  -15.85000      6.0964393E-04
  -15.84000      7.2768907E-04
  -15.83000      8.5087161E-04
  -15.82000      9.7684353E-04
  -15.81000      1.1030147E-03
  -15.80000      1.2268698E-03
  -15.79000      1.3454950E-03
  -15.78000      1.4564331E-03
  -15.77000      1.5570862E-03
  -15.76000      1.6450863E-03
  -15.75000      1.7185140E-03
  -15.74000      1.7754409E-03
  -15.73000      1.8147368E-03
  -15.72000      1.8355227E-03
  -15.71000      1.8373528E-03
  -15.70000      1.8202945E-03
  -15.69000      1.7846860E-03
  -15.68000      1.7315487E-03
  -15.67000      1.6621316E-03
  -15.66000      1.5783099E-03
  -15.65000      1.4819495E-03
  -15.64000      1.3755147E-03
  -15.63000      1.2614521E-03
  -15.62000      1.1421276E-03
  -15.61000      1.0205605E-03
  -15.60000      8.9871150E-04
  -15.59000      7.7954942E-04
  -15.58000      6.6474377E-04
  -15.57000      5.5647868E-04
  -15.56000      4.5620470E-04
  -15.55000      3.6533520E-04
  -15.54000      2.8465924E-04
  -15.53000      2.1493023E-04
  -15.52000      1.5612891E-04
  -15.51000      1.0833561E-04
  -15.50000      7.0961854E-05
  -15.49000      4.3312859E-05
  -15.48000      2.4453055E-05
  -15.47000      1.3196093E-05
  -15.46000      8.3471714E-06
  -15.45000      8.5898218E-06
  -15.44000      1.2637668E-05
  -15.43000      1.9293824E-05
  -15.42000      2.7443921E-05
  -15.41000      3.6076421E-05
  -15.40000      4.4359396E-05
  -15.39000      5.1639348E-05
  -15.38000      5.7428835E-05
  -15.37000      6.1438535E-05
  -15.36000      6.3534513E-05
  -15.35000      6.3741150E-05
  -15.34000      6.2194944E-05
  -15.33000      5.9131220E-05
  -15.32000      5.4846088E-05
  -15.31000      4.9667968E-05
  -15.30000      4.3932247E-05
  -15.29000      3.7953541E-05
  -15.28000      3.2007378E-05
  -15.27000      2.6330879E-05
  -15.26000      2.1085982E-05
  -15.25000      1.6394708E-05
  -15.24000      1.2312731E-05
  -15.23000      8.8579609E-06
  -15.22000      6.0186003E-06
  -15.21000      3.7636246E-06
  -15.20000      2.0665657E-06
  -15.19000      9.1592079E-07
  -15.18000      3.2483464E-07
  -15.17000      3.4625447E-07
  -15.16000      1.0624939E-06
  -15.15000      2.5988504E-06
  -15.14000      5.0953377E-06
  -15.13000      8.7079989E-06
  -15.12000      1.3569785E-05
  -15.11000      1.9782114E-05
  -15.10000      2.7402682E-05
  -15.09000      3.6365247E-05
  -15.08000      4.6556674E-05
  -15.07000      5.7692345E-05
  -15.06000      6.9409391E-05
  -15.05000      8.1211088E-05
  -15.04000      9.2479728E-05
  -15.03000      1.0253647E-04
  -15.02000      1.1066454E-04
  -15.01000      1.1613157E-04
  -15.00000      1.1830315E-04
  -14.99000      1.1665485E-04
  -14.98000      1.1090577E-04
  -14.97000      1.0103922E-04
  -14.96000      8.7445769E-05
  -14.95000      7.0867347E-05
  -14.94000      5.2604490E-05
  -14.93000      3.4378634E-05
  -14.92000      1.8477389E-05
  -14.91000      7.6602573E-06
  -14.90000      5.1740385E-06
  -14.89000      1.4653690E-05
  -14.88000      4.0084724E-05
  -14.87000      8.5639986E-05
  -14.86000      1.5551635E-04
  -14.85000      2.5380819E-04
  -14.84000      3.8431247E-04
  -14.83000      5.5014738E-04
  -14.82000      7.5415854E-04
  -14.81000      9.9786033E-04
  -14.80000      1.2820985E-03
  -14.79000      1.6065025E-03
  -14.78000      1.9692762E-03
  -14.77000      2.3678774E-03
  -14.76000      2.7979279E-03
  -14.75000      3.2538997E-03
  -14.74000      3.7288370E-03
  -14.73000      4.2152451E-03
  -14.72000      4.7035930E-03
  -14.71000      5.1854313E-03
  -14.70000      5.6490516E-03
  -14.69000      6.0854140E-03
  -14.68000      6.4839399E-03
  -14.67000      6.8352679E-03
  -14.66000      7.1314075E-03
  -14.65000      7.3637241E-03
  -14.64000      7.5268107E-03
  -14.63000      7.6156366E-03
  -14.62000      7.6273750E-03
  -14.61000      7.5611919E-03
  -14.60000      7.4175545E-03
  -14.59000      7.1995622E-03
  -14.58000      6.9114552E-03
  -14.57000      6.5607019E-03
  -14.56000      6.1541023E-03
  -14.55000      5.7023461E-03
  -14.54000      5.2148364E-03
  -14.53000      4.7030407E-03
  -14.52000      4.1779629E-03
  -14.51000      3.6514627E-03
  -14.50000      3.1332113E-03
  -14.49000      2.6352310E-03
  -14.48000      2.1649611E-03
  -14.47000      1.7323348E-03
  -14.46000      1.3428137E-03
  -14.45000      1.0016983E-03
  -14.44000      7.1247719E-04
  -14.43000      4.7598500E-04
  -14.42000      2.9266669E-04
  -14.41000      1.5991855E-04
  -14.40000      7.4660151E-05
  -14.39000      3.2028787E-05
  -14.38000      2.6479174E-05
  -14.37000      5.1674888E-05
  -14.36000      1.0069939E-04
  -14.35000      1.6682409E-04
  -14.34000      2.4311885E-04
  -14.33000      3.2319353E-04
  -14.32000      4.0120562E-04
  -14.31000      4.7204274E-04
  -14.30000      5.3172413E-04
  -14.29000      5.7716161E-04
  -14.28000      6.0640578E-04
  -14.27000      6.1855762E-04
  -14.26000      6.1374751E-04
  -14.25000      5.9299963E-04
  -14.24000      5.5808079E-04
  -14.23000      5.1140157E-04
  -14.22000      4.5573659E-04
  -14.21000      3.9419785E-04
  -14.20000      3.2995956E-04
  -14.19000      2.6601000E-04
  -14.18000      2.0526446E-04
  -14.17000      1.5000837E-04
  -14.16000      1.0222155E-04
  -14.15000      6.3235522E-05
  -14.14000      3.3761276E-05
  -14.13000      1.4044735E-05
  -14.12000      3.6531108E-06
  -14.11000      1.7782345E-06
  -14.10000      7.1812633E-06
  -14.09000      1.8374725E-05
  -14.08000      3.3662334E-05
  -14.07000      5.1320403E-05
  -14.06000      6.9697118E-05
  -14.05000      8.7185901E-05
  -14.04000      1.0252273E-04
  -14.03000      1.1463842E-04
  -14.02000      1.2286955E-04
  -14.01000      1.2685996E-04
  -14.00000      1.2659210E-04
  -13.99000      1.2233404E-04
  -13.98000      1.1463949E-04
  -13.97000      1.0420570E-04
  -13.96000      9.1888112E-05
  -13.95000      7.8549790E-05
  -13.94000      6.5065855E-05
  -13.93000      5.2181884E-05
  -13.92000      4.0554252E-05
  -13.91000      3.0602216E-05
  -13.90000      2.2615994E-05
  -13.89000      1.6644439E-05
  -13.88000      1.2593144E-05
  -13.87000      1.0236758E-05
  -13.86000      9.2778773E-06
  -13.85000      9.4224679E-06
  -13.84000      1.0429198E-05
  -13.83000      1.2198898E-05
  -13.82000      1.4830986E-05
  -13.81000      1.8664839E-05
  -13.80000      2.4355149E-05
  -13.79000      3.2827094E-05
  -13.78000      4.5333629E-05
  -13.77000      6.3357380E-05
  -13.76000      8.8576060E-05
  -13.75000      1.2277793E-04
  -13.74000      1.6785591E-04
  -13.73000      2.2546510E-04
  -13.72000      2.9721324E-04
  -13.71000      3.8414256E-04
  -13.70000      4.8710103E-04
  -13.69000      6.0618640E-04
  -13.68000      7.4084732E-04
  -13.67000      8.9006673E-04
  -13.66000      1.0514832E-03
  -13.65000      1.2226960E-03
  -13.64000      1.4000824E-03
  -13.63000      1.5795593E-03
  -13.62000      1.7568433E-03
  -13.61000      1.9267577E-03
  -13.60000      2.0846340E-03
  -13.59000      2.2256197E-03
  -13.58000      2.3448570E-03
  -13.57000      2.4384919E-03
  -13.56000      2.5026521E-03
  -13.55000      2.5349169E-03
  -13.54000      2.5334763E-03
  -13.53000      2.4975785E-03
  -13.52000      2.4275507E-03
  -13.51000      2.3251071E-03
  -13.50000      2.1930451E-03
  -13.49000      2.0351086E-03
  -13.48000      1.8562784E-03
  -13.47000      1.6614244E-03
  -13.46000      1.4570284E-03
  -13.45000      1.2489512E-03
  -13.44000      1.0434459E-03
  -13.43000      8.4664475E-04
  -13.42000      6.6401396E-04
  -13.41000      5.0037808E-04
  -13.40000      3.5999194E-04
  -13.39000      2.4556048E-04
  -13.38000      1.5930580E-04
  -13.37000      1.0165476E-04
  -13.36000      7.2178467E-05
  -13.35000      6.9134665E-05
  -13.34000      8.9823843E-05
  -13.33000      1.3060792E-04
  -13.32000      1.8722817E-04
  -13.31000      2.5494341E-04
  -13.30000      3.2883824E-04
  -13.29000      4.0395214E-04
  -13.28000      4.7560097E-04
  -13.27000      5.3953589E-04
  -13.26000      5.9221080E-04
  -13.25000      6.3073070E-04
  -13.24000      6.5317564E-04
  -13.23000      6.5857655E-04
  -13.22000      6.4694666E-04
  -13.21000      6.1922439E-04
  -13.20000      5.7721674E-04
  -13.19000      5.2334438E-04
  -13.18000      4.6059099E-04
  -13.17000      3.9227490E-04
  -13.16000      3.2184483E-04
  -13.15000      2.5267361E-04
  -13.14000      1.8799929E-04
  -13.13000      1.3052087E-04
  -13.12000      8.2480394E-05
  -13.11000      4.5452369E-05
  -13.10000      2.0220685E-05
  -13.09000      6.9725843E-06
  -13.08000      5.0280373E-06
  -13.07000      1.3189162E-05
  -13.06000      2.9627085E-05
  -13.05000      5.2263043E-05
  -13.04000      7.8617006E-05
  -13.03000      1.0632247E-04
  -13.02000      1.3292764E-04
  -13.01000      1.5635343E-04
  -13.00000      1.7493420E-04
  -12.99000      1.8725402E-04
  -12.98000      1.9261993E-04
  -12.97000      1.9083532E-04
  -12.96000      1.8231028E-04
  -12.95000      1.6789619E-04
  -12.94000      1.4893801E-04
  -12.93000      1.2699510E-04
  -12.92000      1.0383308E-04
  -12.91000      8.1199498E-05
  -12.90000      6.0732371E-05
  -12.89000      4.3734650E-05
  -12.88000      3.1211846E-05
  -12.87000      2.3619634E-05
  -12.86000      2.0983367E-05
  -12.85000      2.2770000E-05
  -12.84000      2.8035083E-05
  -12.83000      3.5473786E-05
  -12.82000      4.3621410E-05
  -12.81000      5.0972638E-05
  -12.80000      5.6280096E-05
  -12.79000      5.8704478E-05
  -12.78000      5.8085774E-05
  -12.77000      5.5122029E-05
  -12.76000      5.1550596E-05
  -12.75000      5.0303533E-05
  -12.74000      5.5522956E-05
  -12.73000      7.2627729E-05
  -12.72000      1.0814353E-04
  -12.71000      1.6967717E-04
  -12.70000      2.6529870E-04
  -12.69000      4.0367100E-04
  -12.68000      5.9341535E-04
  -12.67000      8.4249442E-04
  -12.66000      1.1581156E-03
  -12.65000      1.5460786E-03
  -12.64000      2.0098658E-03
  -12.63000      2.5518702E-03
  -12.62000      3.1697254E-03
  -12.61000      3.8603153E-03
  -12.60000      4.6159090E-03
  -12.59000      5.4253922E-03
  -12.58000      6.2764706E-03
  -12.57000      7.1500554E-03
  -12.56000      8.0290968E-03
  -12.55000      8.8917362E-03
  -12.54000      9.7152581E-03
  -12.53000      1.0478705E-02
  -12.52000      1.1156966E-02
  -12.51000      1.1730939E-02
  -12.50000      1.2181215E-02
  -12.49000      1.2491147E-02
  -12.48000      1.2648039E-02
  -12.47000      1.2642269E-02
  -12.46000      1.2470527E-02
  -12.45000      1.2133237E-02
  -12.44000      1.1637579E-02
  -12.43000      1.0994188E-02
  -12.42000      1.0220720E-02
  -12.41000      9.3388762E-03
  -12.40000      8.3706835E-03
  -12.39000      7.3480355E-03
  -12.38000      6.2959488E-03
  -12.37000      5.2498067E-03
  -12.36000      4.2359652E-03
  -12.35000      3.2855200E-03
  -12.34000      2.4230524E-03
  -12.33000      1.6728389E-03
  -12.32000      1.0522371E-03
  -12.31000      5.7557330E-04
  -12.30000      2.4917338E-04
  -12.29000      7.5268967E-05
  -12.28000      4.8614853E-05
  -12.27000      1.5896044E-04
  -12.26000      3.8968146E-04
  -12.25000      7.2139420E-04
  -12.24000      1.1289978E-03
  -12.23000      1.5868958E-03
  -12.22000      2.0661813E-03
  -12.21000      2.5399376E-03
  -12.20000      2.9800178E-03
  -12.19000      3.3637115E-03
  -12.18000      3.6683418E-03
  -12.17000      3.8778214E-03
  -12.16000      3.9805602E-03
  -12.15000      3.9712586E-03
  -12.14000      3.8506656E-03
  -12.13000      3.6251647E-03
  -12.12000      3.3075584E-03
  -12.11000      2.9142445E-03
  -12.10000      2.4681531E-03
  -12.09000      1.9930080E-03
  -12.08000      1.5162802E-03
  -12.07000      1.0652083E-03
  -12.06000      6.6623423E-04
  -12.05000      3.4510234E-04
  -12.04000      1.2201053E-04
  -12.03000      1.4219147E-05
  -12.02000      3.2068547E-05
  -12.01000      1.8060657E-04
  -12.00000      4.5729469E-04
  -11.99000      8.5332064E-04
  -11.98000      1.3538544E-03
  -11.97000      1.9368459E-03
  -11.96000      2.5774029E-03
  -11.95000      3.2440298E-03
  -11.94000      3.9045142E-03
  -11.93000      4.5258710E-03
  -11.92000      5.0738924E-03
  -11.91000      5.5189934E-03
  -11.90000      5.8333497E-03
  -11.89000      5.9972736E-03
  -11.88000      5.9967814E-03
  -11.87000      5.8271131E-03
  -11.86000      5.4917051E-03
  -11.85000      5.0047515E-03
  -11.84000      4.3887096E-03
  -11.83000      3.6753954E-03
  -11.82000      2.9053926E-03
  -11.81000      2.1262777E-03
  -11.80000      1.3911871E-03
  -11.79000      7.5860752E-04
  -11.78000      2.8676615E-04
  -11.77000      3.5959056E-05
  -11.76000      6.1689228E-05
  -11.75000      4.1582587E-04
  -11.74000      1.1410855E-03
  -11.73000      2.2738012E-03
  -11.72000      3.8361368E-03
  -11.71000      5.8405180E-03
  -11.70000      8.2847187E-03
  -11.69000      1.1156125E-02
  -11.68000      1.4423899E-02
  -11.67000      1.8050699E-02
  -11.66000      2.1973694E-02
  -11.65000      2.6133796E-02
  -11.64000      3.0454151E-02
  -11.63000      3.4846153E-02
  -11.62000      3.9225936E-02
  -11.61000      4.3492753E-02
  -11.60000      4.7566384E-02
  -11.59000      5.1353298E-02
  -11.58000      5.4772276E-02
  -11.57000      5.7749614E-02
  -11.56000      6.0222618E-02
  -11.55000      6.2137831E-02
  -11.54000      6.3460745E-02
  -11.53000      6.4158477E-02
  -11.52000      6.4225420E-02
  -11.51000      6.3666157E-02
  -11.50000      6.2500983E-02
  -11.49000      6.0761653E-02
  -11.48000      5.8496907E-02
  -11.47000      5.5759266E-02
  -11.46000      5.2618667E-02
  -11.45000      4.9149681E-02
  -11.44000      4.5419998E-02
  -11.43000      4.1518968E-02
  -11.42000      3.7514064E-02
  -11.41000      3.3489294E-02
  -11.40000      2.9511977E-02
  -11.39000      2.5650023E-02
  -11.38000      2.1963596E-02
  -11.37000      1.8500485E-02
  -11.36000      1.5302042E-02
  -11.35000      1.2405184E-02
  -11.34000      9.8249130E-03
  -11.33000      7.5825625E-03
  -11.32000      5.6649745E-03
  -11.31000      4.0691518E-03
  -11.30000      2.7802794E-03
  -11.29000      1.7776218E-03
  -11.28000      1.0330877E-03
  -11.27000      5.1773706E-04
  -11.26000      1.9775830E-04
  -11.25000      4.0105038E-05
  -11.24000      1.0458050E-05
  -11.23000      7.6641300E-05
  -11.22000      2.0812356E-04
  -11.21000      3.7821688E-04
  -11.20000      5.6310743E-04
  -11.19000      7.4383308E-04
  -11.18000      9.0495113E-04
  -11.17000      1.0359817E-03
  -11.16000      1.1295120E-03
  -11.15000      1.1825589E-03
  -11.14000      1.1946972E-03
  -11.13000      1.1685924E-03
  -11.12000      1.1087649E-03
  -11.11000      1.0213645E-03
  -11.10000      9.1336027E-04
  -11.09000      7.9240999E-04
  -11.08000      6.6552474E-04
  -11.07000      5.3965405E-04
  -11.06000      4.2048784E-04
  -11.05000      3.1254324E-04
  -11.04000      2.1927497E-04
  -11.03000      1.4279266E-04
  -11.02000      8.3795952E-05
  -11.01000      4.2142477E-05
  -11.00000      1.6373882E-05
  -10.99000      4.5150960E-06
  -10.98000      3.9105576E-06
  -10.97000      1.1687363E-05
  -10.96000      2.4844652E-05
  -10.95000      4.0583840E-05
  -10.94000      5.6393721E-05
  -10.93000      7.0239941E-05
  -10.92000      8.0652870E-05
  -10.91000      8.6698456E-05
  -10.90000      8.8056127E-05
  -10.89000      8.4884618E-05
  -10.88000      7.7796860E-05
  -10.87000      6.7698347E-05
  -10.86000      5.5736746E-05
  -10.85000      4.3092594E-05
  -10.84000      3.0898067E-05
  -10.83000      2.0171838E-05
  -10.82000      1.1637926E-05
  -10.81000      5.7731049E-06
  -10.80000      2.7127628E-06
  -10.79000      2.3200555E-06
  -10.78000      4.2190723E-06
  -10.77000      7.9074407E-06
  -10.76000      1.2815283E-05
  -10.75000      1.8494567E-05
  -10.74000      2.4689474E-05
  -10.73000      3.1517880E-05
  -10.72000      3.9533104E-05
  -10.71000      4.9889433E-05
  -10.70000      6.4324042E-05
  -10.69000      8.5256099E-05
  -10.68000      1.1574018E-04
  -10.67000      1.5931830E-04
  -10.66000      2.2015562E-04
  -10.65000      3.0238507E-04
  -10.64000      4.1074582E-04
  -10.63000      5.4929854E-04
  -10.62000      7.2239147E-04
  -10.61000      9.3306956E-04
  -10.60000      1.1844361E-03
  -10.59000      1.4772888E-03
  -10.58000      1.8131548E-03
  -10.57000      2.1898181E-03
  -10.56000      2.6050319E-03
  -10.55000      3.0544854E-03
  -10.54000      3.5310872E-03
  -10.53000      4.0278095E-03
  -10.52000      4.5376508E-03
  -10.51000      5.0489851E-03
  -10.50000      5.5534919E-03
  -10.49000      6.0375268E-03
  -10.48000      6.4917300E-03
  -10.47000      6.9041094E-03
  -10.46000      7.2642709E-03
  -10.45000      7.5631333E-03
  -10.44000      7.7913180E-03
  -10.43000      7.9428703E-03
  -10.42000      8.0127744E-03
  -10.41000      7.9983221E-03
  -10.40000      7.8990022E-03
  -10.39000      7.7165626E-03
  -10.38000      7.4551818E-03
  -10.37000      7.1204794E-03
  -10.36000      6.7207962E-03
  -10.35000      6.2645245E-03
  -10.34000      5.7637054E-03
  -10.33000      5.2298387E-03
  -10.32000      4.6747560E-03
  -10.31000      4.1125221E-03
  -10.30000      3.5542801E-03
  -10.29000      3.0133110E-03
  -10.28000      2.5000153E-03
  -10.27000      2.0242683E-03
  -10.26000      1.5940194E-03
  -10.25000      1.2146449E-03
  -10.24000      8.9100405E-04
  -10.23000      6.2492921E-04
  -10.22000      4.1665253E-04
  -10.21000      2.6457538E-04
  -10.20000      1.6537543E-04
  -10.19000      1.1415925E-04
  -10.18000      1.0484274E-04
  -10.17000      1.3042452E-04
  -10.16000      1.8312584E-04
  -10.15000      2.5502246E-04
  -10.14000      3.3823925E-04
  -10.13000      4.2513784E-04
  -10.12000      5.0903490E-04
  -10.11000      5.8393332E-04
  -10.10000      6.4504874E-04
  -10.09000      6.8885071E-04
  -10.08000      7.1310450E-04
  -10.07000      7.1676093E-04
  -10.06000      7.0017908E-04
  -10.05000      6.6483725E-04
  -10.04000      6.1326072E-04
  -10.03000      5.4880575E-04
  -10.02000      4.7552123E-04
  -10.01000      3.9771359E-04
  -10.00000      3.2017569E-04
  -9.990000      2.4693817E-04
  -9.980000      1.8211949E-04
  -9.970000      1.2918415E-04
  -9.960000      9.0918831E-05
  -9.950000      6.9215595E-05
  -9.940000      6.5060485E-05
  -9.930000      7.8459016E-05
  -9.920000      1.0849428E-04
  -9.910000      1.5335735E-04
  -9.900000      2.1045146E-04
  -9.890000      2.7656509E-04
  -9.880000      3.4801618E-04
  -9.870000      4.2085021E-04
  -9.860000      4.9107970E-04
  -9.850000      5.5480690E-04
  -9.840000      6.0849392E-04
  -9.830000      6.4912828E-04
  -9.820000      6.7434699E-04
  -9.810000      6.8260991E-04
  -9.800000      6.7325536E-04
  -9.790000      6.4652425E-04
  -9.780000      6.0356851E-04
  -9.770000      5.4644287E-04
  -9.760000      4.7797555E-04
  -9.750000      4.0170146E-04
  -9.740000      3.2165382E-04
  -9.730000      2.4221986E-04
  -9.720000      1.6790265E-04
  -9.710000      1.0322085E-04
  -9.700000      5.2393945E-05
  -9.690000      1.9283854E-05
  -9.680000      7.1011568E-06
  -9.670000      1.8355040E-05
  -9.660000      5.4696306E-05
  -9.650000      1.1685106E-04
  -9.640000      2.0464523E-04
  -9.630000      3.1685655E-04
  -9.620000      4.5145850E-04
  -9.610000      6.0547894E-04
  -9.600000      7.7528408E-04
  -9.590000      9.5658068E-04
  -9.580000      1.1446769E-03
  -9.570000      1.3346036E-03
  -9.560000      1.5213588E-03
  -9.550000      1.6998937E-03
  -9.540000      1.8654815E-03
  -9.530000      2.0138409E-03
  -9.520000      2.1412615E-03
  -9.510000      2.2447903E-03
  -9.500000      2.3220580E-03
  -9.490000      2.3716092E-03
  -9.480000      2.3928273E-03
  -9.470000      2.3858945E-03
  -9.460000      2.3518647E-03
  -9.450000      2.2924067E-03
  -9.440000      2.2099267E-03
  -9.430000      2.1072146E-03
  -9.420000      1.9875132E-03
  -9.410000      1.8542799E-03
  -9.400000      1.7111786E-03
  -9.390000      1.5618597E-03
  -9.380000      1.4098326E-03
  -9.370000      1.2582624E-03
  -9.360000      1.1101709E-03
  -9.350000      9.6804043E-04
  -9.340000      8.3405036E-04
  -9.330000      7.0985535E-04
  -9.320000      5.9663894E-04
  -9.310000      4.9503520E-04
  -9.300000      4.0538763E-04
  -9.290000      3.2753352E-04
  -9.280000      2.6107166E-04
  -9.270000      2.0524900E-04
  -9.260000      1.5916182E-04
  -9.250000      1.2175149E-04
  -9.240000      9.1888614E-05
  -9.230000      6.8447342E-05
  -9.220000      5.0336159E-05
  -9.210000      3.6555193E-05
  -9.200000      2.6223366E-05
  -9.190000      1.8589188E-05
  -9.180000      1.3050941E-05
  -9.170000      9.1483898E-06
  -9.160000      6.5480071E-06
  -9.150000      5.0265053E-06
  -9.140000      4.4484714E-06
  -9.130000      4.7375784E-06
  -9.120000      5.8473815E-06
  -9.110000      7.7396653E-06
  -9.100000      1.0359158E-05
  -9.090000      1.3617993E-05
  -9.080000      1.7385812E-05
  -9.070000      2.1485988E-05
  -9.060000      2.5697525E-05
  -9.050000      2.9766423E-05
  -9.040000      3.3422890E-05
  -9.030000      3.6394908E-05
  -9.020000      3.8438629E-05
  -9.010000      3.9354436E-05
  -9.000000      3.9017330E-05
  -8.990000      3.7390524E-05
  -8.980000      3.4541525E-05
  -8.970000      3.0651485E-05
  -8.960000      2.6012907E-05
  -8.950000      2.1034022E-05
  -8.940000      1.6213216E-05
  -8.930000      1.2125859E-05
  -8.920000      9.3916724E-06
  -8.910000      8.6428763E-06
  -8.900000      1.0492417E-05
  -8.890000      1.5488926E-05
  -8.880000      2.4083525E-05
  -8.870000      3.6597437E-05
  -8.860000      5.3185642E-05
  -8.850000      7.3820731E-05
  -8.840000      9.8260018E-05
  -8.830000      1.2608414E-04
  -8.820000      1.5664857E-04
  -8.810000      1.8914026E-04
  -8.800000      2.2257814E-04
  -8.790000      2.5586926E-04
  -8.780000      2.8782405E-04
  -8.770000      3.1724488E-04
  -8.760000      3.4295584E-04
  -8.750000      3.6387568E-04
  -8.740000      3.7904776E-04
  -8.730000      3.8772184E-04
  -8.720000      3.8936830E-04
  -8.710000      3.8375193E-04
  -8.700000      3.7092585E-04
  -8.690000      3.5127619E-04
  -8.680000      3.2550949E-04
  -8.670000      2.9460748E-04
  -8.660000      2.5987125E-04
  -8.650000      2.2281652E-04
  -8.640000      1.8521262E-04
  -8.630000      1.4893431E-04
  -8.620000      1.1596264E-04
  -8.610000      8.8299210E-05
  -8.600000      6.7905341E-05
  -8.590000      5.6633191E-05
  -8.580000      5.6176566E-05
  -8.570000      6.7990622E-05
  -8.560000      9.3277820E-05
  -8.550000      1.3292354E-04
  -8.540000      1.8748593E-04
  -8.530000      2.5714122E-04
  -8.520000      3.4177737E-04
  -8.510000      4.4089023E-04
  -8.500000      5.5365608E-04
  -8.490000      6.7886623E-04
  -8.480000      8.1519957E-04
  -8.470000      9.6095161E-04
  -8.460000      1.1143106E-03
  -8.450000      1.2732836E-03
  -8.440000      1.4358039E-03
  -8.430000      1.5996759E-03
  -8.420000      1.7627615E-03
  -8.410000      1.9228634E-03
  -8.400000      2.0779625E-03
  -8.390000      2.2259557E-03
  -8.380000      2.3649826E-03
  -8.370000      2.4931550E-03
  -8.360000      2.6087021E-03
  -8.350000      2.7101380E-03
  -8.340000      2.7961675E-03
  -8.330000      2.8654672E-03
  -8.320000      2.9170262E-03
  -8.310000      2.9498844E-03
  -8.300000      2.9634365E-03
  -8.290000      2.9572553E-03
  -8.280000      2.9311744E-03
  -8.270000      2.8853267E-03
  -8.260000      2.8199942E-03
  -8.250000      2.7358346E-03
  -8.240000      2.6338599E-03
  -8.230000      2.5153281E-03
  -8.220000      2.3818812E-03
  -8.210000      2.2353753E-03
  -8.200000      2.0781036E-03
  -8.190000      1.9123547E-03
  -8.180000      1.7407788E-03
  -8.170000      1.5661644E-03
  -8.160000      1.3913861E-03
  -8.150000      1.2192962E-03
  -8.140000      1.0526918E-03
  -8.130000      8.9418638E-04
  -8.120000      7.4624526E-04
  -8.110000      6.1090756E-04
  -8.100000      4.8992218E-04
  -8.090000      3.8455799E-04
  -8.080000      2.9562027E-04
  -8.070000      2.2334441E-04
  -8.060000      1.6750141E-04
  -8.050000      1.2728412E-04
  -8.040000      1.0145944E-04
  -8.030000      8.8323424E-05
  -8.020000      8.5833824E-05
  -8.010000      9.1666814E-05
  -8.000000      1.0334625E-04
  -7.990000      1.1836350E-04
  -7.980000      1.3426728E-04
  -7.970000      1.4881897E-04
  -7.960000      1.6008646E-04
  -7.950000      1.6655914E-04
  -7.940000      1.6721086E-04
  -7.930000      1.6158988E-04
  -7.920000      1.4982204E-04
  -7.910000      1.3262613E-04
  -7.900000      1.1126628E-04
  -7.890000      8.7505941E-05
  -7.880000      6.3511150E-05
  -7.870000      4.1725547E-05
  -7.860000      2.4703200E-05
  -7.850000      1.4987613E-05
  -7.840000      1.4932264E-05
  -7.830000      2.6511398E-05
  -7.820000      5.1190498E-05
  -7.810000      8.9776360E-05
  -7.800000      1.4231277E-04
  -7.790000      2.0796248E-04
  -7.780000      2.8504964E-04
  -7.770000      3.7099319E-04
  -7.760000      4.6246842E-04
  -7.750000      5.5540504E-04
  -7.740000      6.4526475E-04
  -7.730000      7.2719465E-04
  -7.720000      7.9632137E-04
  -7.710000      8.4800844E-04
  -7.700000      8.7825255E-04
  -7.690000      8.8387413E-04
  -7.680000      8.6294283E-04
  -7.670000      8.1498158E-04
  -7.660000      7.4122264E-04
  -7.650000      6.4488966E-04
  -7.640000      5.3127465E-04
  -7.630000      4.0777677E-04
  -7.620000      2.8383997E-04
  -7.610000      1.7092843E-04
  -7.600000      8.2253173E-05
  -7.590000      3.2443317E-05
  -7.580000      3.7199359E-05
  -7.570000      1.1281812E-04
  -7.560000      2.7558208E-04
  -7.550000      5.4142083E-04
  -7.540000      9.2493516E-04
  -7.530000      1.4390242E-03
  -7.520000      2.0940006E-03
  -7.510000      2.8979145E-03
  -7.500000      3.8543763E-03
  -7.490000      4.9639451E-03
  -7.480000      6.2221340E-03
  -7.470000      7.6207593E-03
  -7.460000      9.1470070E-03
  -7.450000      1.0783493E-02
  -7.440000      1.2508475E-02
  -7.430000      1.4296995E-02
  -7.420000      1.6119596E-02
  -7.410000      1.7946433E-02
  -7.400000      1.9744003E-02
  -7.390000      2.1478282E-02
  -7.380000      2.3115078E-02
  -7.370000      2.4621068E-02
  -7.360000      2.5964713E-02
  -7.350000      2.7118016E-02
  -7.340000      2.8055336E-02
  -7.330000      2.8755756E-02
  -7.320000      2.9202051E-02
  -7.310000      2.9383898E-02
  -7.300000      2.9296309E-02
  -7.290000      2.8940333E-02
  -7.280000      2.8322723E-02
  -7.270000      2.7455654E-02
  -7.260000      2.6356926E-02
  -7.250000      2.5049858E-02
  -7.240000      2.3561083E-02
  -7.230000      2.1923164E-02
  -7.220000      2.0168353E-02
  -7.210000      1.8332936E-02
  -7.200000      1.6452344E-02
  -7.190000      1.4562507E-02
  -7.180000      1.2698669E-02
  -7.170000      1.0893870E-02
  -7.160000      9.1773765E-03
  -7.150000      7.5757722E-03
  -7.140000      6.1098258E-03
  -7.130000      4.7970922E-03
  -7.120000      3.6494394E-03
  -7.110000      2.6736588E-03
  -7.100000      1.8712218E-03
  -7.090000      1.2392815E-03
  -7.080000      7.7000004E-04
  -7.070000      4.5196933E-04
  -7.060000      2.6996440E-04
  -7.050000      2.0652654E-04
  -7.040000      2.4205211E-04
  -7.030000      3.5582739E-04
  -7.020000      5.2667502E-04
  -7.010000      7.3380850E-04
  -7.000000      9.5758244E-04
  -6.990000      1.1799384E-03
  -6.980000      1.3850776E-03
  -6.970000      1.5598481E-03
  -6.960000      1.6940103E-03
  -6.950000      1.7805229E-03
  -6.940000      1.8155329E-03
  -6.930000      1.7982998E-03
  -6.920000      1.7310453E-03
  -6.910000      1.6185620E-03
  -6.900000      1.4679551E-03
  -6.890000      1.2879960E-03
  -6.880000      1.0889552E-03
  -6.870000      8.8157458E-04
  -6.860000      6.7695777E-04
  -6.850000      4.8573164E-04
  -6.840000      3.1774020E-04
  -6.830000      1.8149533E-04
  -6.820000      8.3902261E-05
  -6.810000      2.9779370E-05
  -6.800000      2.1914711E-05
  -6.790000      6.0737715E-05
  -6.780000      1.4444400E-04
  -6.770000      2.6904931E-04
  -6.760000      4.2861464E-04
  -6.750000      6.1543571E-04
  -6.740000      8.2044146E-04
  -6.730000      1.0336953E-03
  -6.720000      1.2445478E-03
  -6.710000      1.4425793E-03
  -6.700000      1.6175875E-03
  -6.690000      1.7604788E-03
  -6.680000      1.8634252E-03
  -6.670000      1.9204094E-03
  -6.660000      1.9275541E-03
  -6.650000      1.8834553E-03
  -6.640000      1.7892671E-03
  -6.630000      1.6488153E-03
  -6.620000      1.4684679E-03
  -6.610000      1.2573043E-03
  -6.600000      1.0265236E-03
  -6.590000      7.8963011E-04
  -6.580000      5.6140515E-04
  -6.570000      3.5799886E-04
  -6.560000      1.9612852E-04
  -6.550000      9.2618990E-05
  -6.540000      6.3648215E-05
  -6.530000      1.2433252E-04
  -6.520000      2.8815103E-04
  -6.510000      5.6614005E-04
  -6.500000      9.6671673E-04
  -6.490000      1.4950084E-03
  -6.480000      2.1525812E-03
  -6.470000      2.9371858E-03
  -6.460000      3.8429815E-03
  -6.450000      4.8597604E-03
  -6.440000      5.9737046E-03
  -6.430000      7.1674902E-03
  -6.420000      8.4203947E-03
  -6.410000      9.7093051E-03
  -6.400000      1.1009581E-02
  -6.390000      1.2294529E-02
  -6.380000      1.3537054E-02
  -6.370000      1.4709573E-02
  -6.360000      1.5786808E-02
  -6.350000      1.6744388E-02
  -6.340000      1.7560601E-02
  -6.330000      1.8216433E-02
  -6.320000      1.8696927E-02
  -6.310000      1.8990939E-02
  -6.300000      1.9092407E-02
  -6.290000      1.8999690E-02
  -6.280000      1.8715179E-02
  -6.270000      1.8246334E-02
  -6.260000      1.7605241E-02
  -6.250000      1.6807077E-02
  -6.240000      1.5871625E-02
  -6.230000      1.4820379E-02
  -6.220000      1.3678060E-02
  -6.210000      1.2470172E-02
  -6.200000      1.1222913E-02
  -6.190000      9.9620167E-03
  -6.180000      8.7135127E-03
  -6.170000      7.5005209E-03
  -6.160000      6.3444199E-03
  -6.150000      5.2631726E-03
  -6.140000      4.2720702E-03
  -6.130000      3.3824532E-03
  -6.120000      2.6021285E-03
  -6.110000      1.9349272E-03
  -6.100000      1.3812779E-03
  -6.090000      9.3773421E-04
  -6.080000      5.9848739E-04
  -6.070000      3.5488940E-04
  -6.060000      1.9634895E-04
  -6.050000      1.1073129E-04
  -6.040000      8.5249732E-05
  -6.030000      1.0672322E-04
  -6.020000      1.6229102E-04
  -6.010000      2.3984397E-04
  -6.000000      3.2842829E-04
  -5.990000      4.1855208E-04
  -5.980000      5.0244079E-04
  -5.970000      5.7408115E-04
  -5.960000      6.2932179E-04
  -5.950000      6.6576339E-04
  -5.940000      6.8262673E-04
  -5.930000      6.8050105E-04
  -5.920000      6.6108815E-04
  -5.910000      6.2691787E-04
  -5.900000      5.8101077E-04
  -5.890000      5.2668212E-04
  -5.880000      4.6716409E-04
  -5.870000      4.0546648E-04
  -5.860000      3.4416327E-04
  -5.850000      2.8535075E-04
  -5.840000      2.3054350E-04
  -5.830000      1.8078384E-04
  -5.820000      1.3664796E-04
  -5.810000      9.8429467E-05
  -5.800000      6.6219269E-05
  -5.790000      4.0121868E-05
  -5.780000      2.0365251E-05
  -5.770000      7.4443037E-06
  -5.760000      2.1810890E-06
  -5.750000      5.7628004E-06
  -5.740000      1.9704243E-05
  -5.730000      4.5744135E-05
  -5.720000      8.5682354E-05
  -5.710000      1.4117382E-04
  -5.700000      2.1345245E-04
  -5.690000      3.0306945E-04
  -5.680000      4.0964133E-04
  -5.670000      5.3157052E-04
  -5.660000      6.6586240E-04
  -5.650000      8.0814958E-04
  -5.640000      9.5249753E-04
  -5.630000      1.0917931E-03
  -5.620000      1.2177123E-03
  -5.610000      1.3215264E-03
  -5.600000      1.3944630E-03
  -5.590000      1.4284377E-03
  -5.580000      1.4168321E-03
  -5.570000      1.3554981E-03
  -5.560000      1.2436059E-03
  -5.550000      1.0845116E-03
  -5.540000      8.8674348E-04
  -5.530000      6.6446798E-04
  -5.520000      4.3829173E-04
  -5.510000      2.3532321E-04
  -5.500000      8.9371657E-05
  -5.490000      4.0422852E-05
  -5.480000      1.3438173E-04
  -5.470000      4.2150606E-04
  -5.460000      9.5562561E-04
  -5.450000      1.7915688E-03
  -5.440000      2.9844649E-03
  -5.430000      4.5861583E-03
  -5.420000      6.6435630E-03
  -5.410000      9.1968942E-03
  -5.400000      1.2274923E-02
  -5.390000      1.5895436E-02
  -5.380000      2.0061824E-02
  -5.370000      2.4759721E-02
  -5.360000      2.9960282E-02
  -5.350000      3.5616439E-02
  -5.340000      4.1664436E-02
  -5.330000      4.8021108E-02
  -5.320000      5.4588128E-02
  -5.310000      6.1252899E-02
  -5.300000      6.7897193E-02
  -5.290000      7.4385479E-02
  -5.280000      8.0587342E-02
  -5.270000      8.6361654E-02
  -5.260000      9.1578603E-02
  -5.250000      9.6111558E-02
  -5.240000      9.9844508E-02
  -5.230000      0.1026807    
  -5.220000      0.1045410    
  -5.210000      0.1053659    
  -5.200000      0.1051202    
  -5.190000      0.1037971    
  -5.180000      0.1014175    
  -5.170000      9.8028310E-02
  -5.160000      9.3701825E-02
  -5.150000      8.8531718E-02
  -5.140000      8.2634300E-02
  -5.130000      7.6148801E-02
  -5.120000      6.9220819E-02
  -5.110000      6.2007025E-02
  -5.100000      5.4670315E-02
  -5.090000      4.7366779E-02
  -5.080000      4.0247224E-02
  -5.070000      3.3455629E-02
  -5.060000      2.7115749E-02
  -5.050000      2.1335505E-02
  -5.040000      1.6197748E-02
  -5.030000      1.1763897E-02
  -5.020000      8.0711711E-03
  -5.010000      5.1301606E-03
  -5.000000      2.9288966E-03
  -4.990000      1.4320548E-03
  -4.980000      5.8499229E-04
  -4.970000      3.1602744E-04
  -4.960000      5.4040249E-04
  -4.950000      1.1639405E-03
  -4.940000      2.0865225E-03
  -4.930000      3.2083923E-03
  -4.920000      4.4311290E-03
  -4.910000      5.6638247E-03
  -4.900000      6.8246415E-03
  -4.890000      7.8450851E-03
  -4.880000      8.6700823E-03
  -4.870000      9.2607792E-03
  -4.860000      9.5940605E-03
  -4.850000      9.6625574E-03
  -4.840000      9.4738631E-03
  -4.830000      9.0488531E-03
  -4.820000      8.4186671E-03
  -4.810000      7.6236115E-03
  -4.800000      6.7091961E-03
  -4.790000      5.7237064E-03
  -4.780000      4.7160583E-03
  -4.770000      3.7318557E-03
  -4.760000      2.8130058E-03
  -4.750000      1.9940520E-03
  -4.740000      1.3017697E-03
  -4.730000      7.5414148E-04
  -4.720000      3.6032940E-04
  -4.710000      1.2010230E-04
  -4.700000      2.5265195E-05
  -4.690000      6.0304606E-05
  -4.680000      2.0414512E-04
  -4.670000      4.3145177E-04
  -4.660000      7.1473373E-04
  -4.650000      1.0258016E-03
  -4.640000      1.3380360E-03
  -4.630000      1.6272491E-03
  -4.620000      1.8732715E-03
  -4.610000      2.0608655E-03
  -4.600000      2.1804259E-03
  -4.590000      2.2276947E-03
  -4.580000      2.2038559E-03
  -4.570000      2.1147782E-03
  -4.560000      1.9702655E-03
  -4.550000      1.7829931E-03
  -4.540000      1.5672368E-03
  -4.530000      1.3377856E-03
  -4.520000      1.1085918E-03
  -4.510000      8.9201372E-04
  -4.500000      6.9785619E-04
  -4.490000      5.3294824E-04
  -4.480000      4.0100704E-04
  -4.470000      3.0270073E-04
  -4.460000      2.3611898E-04
  -4.450000      1.9762028E-04
  -4.440000      1.8268186E-04
  -4.430000      1.8720145E-04
  -4.420000      2.0855386E-04
  -4.410000      2.4690165E-04
  -4.400000      3.0618694E-04
  -4.390000      3.9503170E-04
  -4.380000      5.2717736E-04
  -4.370000      7.2181079E-04
  -4.360000      1.0029821E-03
  -4.350000      1.3993313E-03
  -4.340000      1.9424382E-03
  -4.330000      2.6657791E-03
  -4.320000      3.6018724E-03
  -4.310000      4.7820979E-03
  -4.300000      6.2315729E-03
  -4.290000      7.9708397E-03
  -4.280000      1.0008893E-02
  -4.270000      1.2345329E-02
  -4.260000      1.4966244E-02
  -4.250000      1.7845791E-02
  -4.240000      2.0942673E-02
  -4.230000      2.4204370E-02
  -4.220000      2.7563034E-02
  -4.210000      3.0940644E-02
  -4.200000      3.4249850E-02
  -4.190000      3.7399746E-02
  -4.180000      4.0296134E-02
  -4.170000      4.2845920E-02
  -4.160000      4.4960842E-02
  -4.150000      4.6562195E-02
  -4.140000      4.7586549E-02
  -4.130000      4.7986157E-02
  -4.120000      4.7732480E-02
  -4.110000      4.6818964E-02
  -4.100000      4.5259878E-02
  -4.090000      4.3093298E-02
  -4.080000      4.0379740E-02
  -4.070000      3.7197307E-02
  -4.060000      3.3642482E-02
  -4.050000      2.9825639E-02
  -4.040000      2.5862696E-02
  -4.030000      2.1876227E-02
  -4.020000      1.7986720E-02
  -4.010000      1.4312004E-02
  -4.000000      1.0955623E-02
  -3.990000      8.0101006E-03
  -3.980000      5.5464674E-03
  -3.970000      3.6182534E-03
  -3.960000      2.2531208E-03
  -3.950000      1.4571489E-03
  -3.940000      1.2115645E-03
  -3.930000      1.4756938E-03
  -3.920000      2.1886006E-03
  -3.910000      3.2718687E-03
  -3.900000      4.6346555E-03
  -3.890000      6.1774543E-03
  -3.880000      7.7978517E-03
  -3.870000      9.3939686E-03
  -3.860000      1.0870654E-02
  -3.850000      1.2144081E-02
  -3.840000      1.3144898E-02
  -3.830000      1.3821501E-02
  -3.820000      1.4142063E-02
  -3.810000      1.4094202E-02
  -3.800000      1.3686533E-02
  -3.790000      1.2946654E-02
  -3.780000      1.1918516E-02
  -3.770000      1.0659685E-02
  -3.760000      9.2382897E-03
  -3.750000      7.7279247E-03
  -3.740000      6.2038666E-03
  -3.730000      4.7388449E-03
  -3.720000      3.3996776E-03
  -3.710000      2.2424075E-03
  -3.700000      1.3108391E-03
  -3.690000      6.3307054E-04
  -3.680000      2.2227301E-04
  -3.670000      7.4514217E-05
  -3.660000      1.7096476E-04
  -3.650000      4.7893441E-04
  -3.640000      9.5468992E-04
  -3.630000      1.5470199E-03
  -3.620000      2.1996698E-03
  -3.610000      2.8567491E-03
  -3.600000      3.4648844E-03
  -3.590000      3.9780438E-03
  -3.580000      4.3591885E-03
  -3.570000      4.5833099E-03
  -3.560000      4.6381415E-03
  -3.550000      4.5247232E-03
  -3.540000      4.2568622E-03
  -3.530000      3.8594583E-03
  -3.520000      3.3660932E-03
  -3.510000      2.8164983E-03
  -3.500000      2.2526432E-03
  -3.490000      1.7160228E-03
  -3.480000      1.2435348E-03
  -3.470000      8.6461048E-04
  -3.460000      5.9909356E-04
  -3.450000      4.5504287E-04
  -3.440000      4.2839107E-04
  -3.430000      5.0328363E-04
  -3.420000      6.5392163E-04
  -3.410000      8.4733689E-04
  -3.400000      1.0474313E-03
  -3.390000      1.2197294E-03
  -3.380000      1.3369967E-03
  -3.370000      1.3848189E-03
  -3.360000      1.3672868E-03
  -3.350000      1.3119485E-03
  -3.340000      1.2738687E-03
  -3.330000      1.3387346E-03
  -3.320000      1.6233346E-03
  -3.310000      2.2759666E-03
  -3.300000      3.4726241E-03
  -3.290000      5.4119653E-03
  -3.280000      8.3113322E-03
  -3.270000      1.2392240E-02
  -3.260000      1.7877568E-02
  -3.250000      2.4972204E-02
  -3.240000      3.3855028E-02
  -3.230000      4.4664919E-02
  -3.220000      5.7486601E-02
  -3.210000      7.2340347E-02
  -3.200000      8.9170158E-02
  -3.190000      0.1078408    
  -3.180000      0.1281343    
  -3.170000      0.1497417    
  -3.160000      0.1722556    
  -3.150000      0.1952252    
  -3.140000      0.2181197    
  -3.130000      0.2403728    
  -3.120000      0.2613907    
  -3.110000      0.2805582    
  -3.100000      0.2972962    
  -3.090000      0.3110638    
  -3.080000      0.3213764    
  -3.070000      0.3278476    
  -3.060000      0.3301758    
  -3.050000      0.3281895    
  -3.040000      0.3218292    
  -3.030000      0.3111744    
  -3.020000      0.2964540    
  -3.010000      0.2780099    
  -3.000000      0.2563393    
  -2.990000      0.2320150    
  -2.980000      0.2057327    
  -2.970000      0.1782483    
  -2.960000      0.1503904    
  -2.950000      0.1229827    
  -2.940000      9.6856847E-02
  -2.930000      7.2771393E-02
  -2.920000      5.1427200E-02
  -2.910000      3.3403829E-02
  -2.900000      1.9156195E-02
  -2.890000      8.9772595E-03
  -2.880000      2.9923334E-03
  -2.870000      1.1551977E-03
  -2.860000      3.2497479E-03
  -2.850000      8.8979984E-03
  -2.840000      1.7588818E-02
  -2.830000      2.8693561E-02
  -2.820000      4.1493770E-02
  -2.810000      5.5211484E-02
  -2.800000      6.9058388E-02
  -2.790000      8.2252875E-02
  -2.780000      9.4066039E-02
  -2.770000      0.1038478    
  -2.760000      0.1110604    
  -2.750000      0.1152992    
  -2.740000      0.1163198    
  -2.730000      0.1140497    
  -2.720000      0.1085969    
  -2.710000      0.1002496    
  -2.700000      8.9452125E-02
  -2.690000      7.6798931E-02
  -2.680000      6.3003205E-02
  -2.670000      4.8864122E-02
  -2.660000      3.5202622E-02
  -2.650000      2.2853423E-02
  -2.640000      1.2586054E-02
  -2.630000      5.0881058E-03
  -2.620000      9.1089221E-04
  -2.610000      4.5119916E-04
  -2.600000      3.9198296E-03
  -2.590000      1.1336415E-02
  -2.580000      2.2513704E-02
  -2.570000      3.7069783E-02
  -2.560000      5.4443453E-02
  -2.550000      7.3911831E-02
  -2.540000      9.4596833E-02
  -2.530000      0.1155308    
  -2.520000      0.1356511    
  -2.510000      0.1538929    
  -2.500000      0.1692308    
  -2.490000      0.1807293    
  -2.480000      0.1876311    
  -2.470000      0.1893995    
  -2.460000      0.1857559    
  -2.450000      0.1767266    
  -2.440000      0.1626605    
  -2.430000      0.1442188    
  -2.420000      0.1223685    
  -2.410000      9.8342568E-02
  -2.400000      7.3615447E-02
  -2.390000      4.9831197E-02
  -2.380000      2.8790662E-02
  -2.370000      1.2351479E-02
  -2.360000      2.4249218E-03
  -2.350000      8.6272147E-04
  -2.340000      9.4316890E-03
  -2.330000      2.9718429E-02
  -2.320000      6.3069977E-02
  -2.310000      0.1105288    
  -2.300000      0.1726948    
  -2.290000      0.2497586    
  -2.280000      0.3414097    
  -2.270000      0.4469233    
  -2.260000      0.5649861    
  -2.250000      0.6936367    
  -2.240000      0.8306979    
  -2.230000      0.9736481    
  -2.220000       1.119643    
  -2.210000       1.265935    
  -2.200000       1.409900    
  -2.190000       1.548490    
  -2.180000       1.677723    
  -2.170000       1.794127    
  -2.160000       1.898079    
  -2.150000       1.987886    
  -2.140000       2.061381    
  -2.130000       2.117206    
  -2.120000       2.154164    
  -2.110000       2.171774    
  -2.100000       2.169175    
  -2.090000       2.146361    
  -2.080000       2.102594    
  -2.070000       2.037982    
  -2.060000       1.952163    
  -2.050000       1.846109    
  -2.040000       1.724470    
  -2.030000       1.594029    
  -2.020000       1.461990    
  -2.010000       1.332563    
  -2.000000       1.220336    
  -1.990000       1.145833    
  -1.980000       1.078765    
  -1.970000      0.9327965    
  -1.960000      0.7192388    
  -1.950000      0.5215049    
  -1.940000      0.3849230    
  -1.930000      0.2984188    
  -1.920000      0.2428619    
  -1.910000      0.1990583    
  -1.900000      0.1498813    
  -1.890000      0.1018447    
  -1.880000      6.3124120E-02
  -1.870000      3.5086274E-02
  -1.860000      1.7276604E-02
  -1.850000      6.8454966E-03
  -1.840000      1.5406306E-03
  -1.830000      8.3169551E-04
  -1.820000      7.4927337E-03
  -1.810000      1.9850766E-02
  -1.800000      2.1910192E-02
  -1.790000      1.7819537E-02
  -1.780000      1.5293377E-02
  -1.770000      1.6555000E-02
  -1.760000      2.0865595E-02
  -1.750000      2.6518498E-02
  -1.740000      3.8538378E-02
  -1.730000      4.7882952E-02
  -1.720000      5.2738708E-02
  -1.710000      4.7201481E-02
  -1.700000      3.1747475E-02
  -1.690000      1.7473537E-02
  -1.680000      1.2518642E-02
  -1.670000      1.1190245E-02
  -1.660000      1.2837720E-02
  -1.650000      2.0276198E-02
  -1.640000      2.1210721E-02
  -1.630000      1.8016543E-02
  -1.620000      1.8054988E-02
  -1.610000      1.2423928E-02
  -1.600000      3.8388236E-03
  -1.590000      3.9729840E-04
  -1.580000     -2.7276721E-05
  -1.570000     -1.6000695E-05
  -1.560000      9.0610149E-05
  -1.550000      3.8315091E-04
  -1.540000      6.6312624E-04
  -1.530000      5.5370928E-04
  -1.520000      3.2443088E-04
  -1.510000      2.6515193E-04
  -1.500000      3.2135690E-04
  -1.490000      2.9587667E-04
  -1.480000      2.5172060E-04
  -1.470000      3.4532047E-04
  -1.460000      8.8269351E-04
  -1.450000      1.3825403E-03
  -1.440000      1.0590869E-03
  -1.430000      8.6503051E-04
  -1.420000      8.7375107E-04
  -1.410000      5.6690746E-04
  -1.400000      1.6206730E-04
  -1.390000      4.8698803E-05
  -1.380000      3.4084038E-05
  -1.370000      3.2716183E-05
  -1.360000      2.3437906E-05
  -1.350000      1.6046019E-05
  -1.340000      1.5203800E-05
  -1.330000      1.7928280E-05
  -1.320000      2.1436574E-05
  -1.310000      2.4820618E-05
  -1.300000      3.0092631E-05
  -1.290000      3.6773963E-05
  -1.280000      4.2475185E-05
  -1.270000      4.6929159E-05
  -1.260000      5.2778174E-05
  -1.250000      6.0384446E-05
  -1.240000      6.8385190E-05
  -1.230000      7.2390867E-05
  -1.220000      7.6064003E-05
  -1.210000      8.1854829E-05
  -1.200000      8.6304244E-05
  -1.190000      8.6922060E-05
  -1.180000      8.0917875E-05
  -1.170000      6.1356506E-05
  -1.160000      1.2963044E-05
  -1.150000     -1.3465842E-04
  -1.140000     -3.0171263E-04
  -1.130000      3.1298678E-03
  -1.120000      1.8841101E-02
  -1.110000      4.4874415E-02
  -1.100000      5.1770434E-02
  -1.090000      2.7135957E-02
  -1.080000      4.2870786E-02
  -1.070000      8.7948270E-02
  -1.060000      0.1120564    
  -1.050000      7.4821874E-02
  -1.040000      2.8184863E-02
  -1.030000      7.7845631E-03
  -1.020000      4.1940631E-03
  -1.010000      4.6901805E-03
  -1.000000      5.8003454E-03
 -0.9900000      4.7403146E-03
 -0.9800000      3.8701636E-03
 -0.9700000      3.6540641E-03
 -0.9600000      5.0419006E-03
 -0.9500000      6.3328142E-03
 -0.9400000      2.9238807E-03
 -0.9300000      2.3779441E-03
 -0.9200000      6.3578212E-03
 -0.9100000      8.5603772E-03
 -0.9000000      3.1554601E-03
 -0.8900000      3.5915230E-03
 -0.8800000      3.8162491E-03
 -0.8700000      2.1436107E-03
 -0.8600000      5.7613221E-03
 -0.8500000      4.7931531E-03
 -0.8400000      1.2594908E-03
 -0.8300000      1.4176111E-03
 -0.8200000      1.6932590E-03
 -0.8100000      3.5802124E-03
 -0.8000000      3.4360830E-03
 -0.7900000      5.2526258E-03
 -0.7800000      4.3396400E-03
 -0.7700000      3.0896750E-03
 -0.7600000      2.4434051E-03
 -0.7500000      1.2517122E-03
 -0.7400000      9.0146752E-04
 -0.7300000      8.0550689E-04
 -0.7200000      4.6574883E-03
 -0.7100000      6.4304881E-03
 -0.7000000      1.8593174E-03
 -0.6900000      1.7435643E-03
 -0.6800000      1.7485740E-03
 -0.6700000      1.1621838E-02
 -0.6600000      2.9703228E-02
 -0.6500000      7.0533161E-03
 -0.6400000      1.4999797E-02
 -0.6300000      5.9217576E-02
 -0.6200000      2.4161499E-02
 -0.6100000      1.8997279E-03
 -0.6000000      5.7658032E-03
 -0.5900000      4.7939252E-03
 -0.5800000      1.2126369E-03
 -0.5700000      9.7040716E-04
 -0.5600000      1.9410864E-02
 -0.5500000      2.8323242E-02
 -0.5400000      3.4688939E-03
 -0.5300000     -4.5111941E-04
 -0.5200000      2.7250295E-04
 -0.5100000      2.1189612E-03
 -0.5000000      7.9725042E-04
 -0.4900000      8.8073160E-05
 -0.4800000     -2.4367242E-05
 -0.4700000      5.9703155E-04
 -0.4600000      7.5341533E-03
 -0.4500000      9.5410487E-03
 -0.4400000      1.4243386E-03
 -0.4300000      2.7801548E-04
 -0.4200000      2.9491837E-04
 -0.4100000      3.6737643E-04
 -0.4000000      5.1146181E-04
 -0.3900000      1.0911716E-03
 -0.3800000      1.5331896E-03
 -0.3700000      1.1517846E-03
 -0.3600000      4.3002918E-04
 -0.3500000      2.9469008E-04
 -0.3400000      2.5517234E-04
 -0.3300000      2.1715446E-04
 -0.3200000      1.7547941E-04
 -0.3100000      1.3350871E-04
 -0.3000000      9.3608076E-05
 -0.2900000      5.8449899E-05
 -0.2800000      3.1936910E-05
 -0.2700000      2.4142644E-05
 -0.2600000      7.0894799E-05
 -0.2500000      2.0843152E-04
 -0.2400000      1.4821452E-04
 -0.2300000      1.2475482E-04
 -0.2200000      1.8062200E-04
 -0.2100000      2.8098281E-04
 -0.2000000      4.1129906E-04
 -0.1900000      5.6943315E-04
 -0.1800000      7.5462123E-04
 -0.1700000      9.6587947E-04
 -0.1600000      1.2035293E-03
 -0.1500000      1.4670487E-03
 -0.1400000      1.7734340E-03
 -0.1300000      2.2429391E-03
 -0.1200000      3.1788044E-03
 -0.1100000      4.4868006E-03
 -0.1000000      3.7810837E-03
 -9.0000004E-02  3.2077285E-03
 -7.9999998E-02  3.3047521E-03
 -7.0000000E-02  3.5018204E-03
 -5.9999999E-02  3.6878407E-03
 -5.0000001E-02  3.8485527E-03
 -3.9999999E-02  3.9787185E-03
 -2.9999999E-02  4.0740292E-03
 -2.0000000E-02  4.1322904E-03
 -9.9999998E-03  4.1520451E-03
  0.0000000E+00  4.1329097E-03
  9.9999998E-03  4.0754769E-03
  2.0000000E-02  3.9831144E-03
  2.9999999E-02  3.8582624E-03
  3.9999999E-02  3.6985714E-03
  5.0000001E-02  3.5071962E-03
  5.9999999E-02  3.2947480E-03
  7.0000000E-02  3.0630738E-03
  7.9999998E-02  2.8147793E-03
  9.0000004E-02  2.5730105E-03
  0.1000000      2.5384552E-03
  0.1100000      2.6193815E-03
  0.1200000      1.9121515E-03
  0.1300000      1.5511387E-03
  0.1400000      1.3155271E-03
  0.1500000      1.1058409E-03
  0.1600000      9.7038358E-04
  0.1700000      9.8712451E-04
  0.1800000      6.5710279E-04
  0.1900000      4.3163323E-04
  0.2000000      3.1338359E-04
  0.2100000      2.7038046E-04
  0.2200000      3.7393597E-04
  0.2300000      1.7145330E-04
  0.2400000      5.4896729E-05
  0.2500000      2.9843819E-05
  0.2600000      2.1625838E-05
  0.2700000      2.2854509E-05
  0.2800000      2.6354139E-05
  0.2900000      3.6956448E-05
  0.3000000      5.6483535E-05
  0.3100000      8.1725309E-05
  0.3200000      8.9634406E-05
  0.3300000      1.0419422E-04
  0.3400000      1.3017999E-04
  0.3500000      1.5033229E-04
  0.3600000      1.4029055E-04
  0.3700000      1.5008599E-04
  0.3800000      1.5488312E-04
  0.3900000      1.4336061E-04
  0.4000000      2.2323219E-04
  0.4100000      7.9216307E-04
  0.4200000      4.8336058E-04
  0.4300000      1.2851863E-04
  0.4400000      1.3893339E-04
  0.4500000      1.0126811E-04
  0.4600000      7.3561379E-05
  0.4700000      7.2403651E-05
  0.4800000      6.2143117E-05
  0.4900000      2.3819746E-05
  0.5000000      2.4349438E-05
  0.5100000      1.6716205E-05
  0.5200000      2.5376366E-05
  0.5300000      8.9484842E-05
  0.5400000      7.1725532E-05
  0.5500000      1.3714947E-04
  0.5600000      1.9223173E-04
  0.5700000      2.7241139E-04
  0.5800000      3.6270558E-04
  0.5900000      8.3779767E-03
  0.6000000      1.8950414E-02
  0.6100000      3.3308789E-03
  0.6200000      7.9453626E-04
  0.6300000      1.7896424E-03
  0.6400000      3.5495982E-03
  0.6500000      1.3307994E-03
  0.6600000      8.9194172E-04
  0.6700000      2.3798724E-03
  0.6800000      7.1243243E-03
  0.6900000      2.9870444E-03
  0.7000000      2.7954901E-04
  0.7100000      9.2909038E-05
  0.7200000      1.0511575E-04
  0.7300000      1.7429625E-04
  0.7400000      2.8870406E-04
  0.7500000      3.7296111E-04
  0.7600000      3.9212586E-04
  0.7700000      4.7284953E-04
  0.7800000      5.7710824E-04
  0.7900000      7.1837386E-04
  0.8000000      8.5957709E-04
  0.8100000      1.0300503E-03
  0.8200000      1.0508291E-03
  0.8300000      9.7365573E-04
  0.8400000      8.8124711E-04
  0.8500000      6.2996300E-04
  0.8600000      4.6427856E-04
  0.8700000      3.1478456E-04
  0.8800000      2.5924420E-04
  0.8900000      7.4313534E-04
  0.9000000      2.9073530E-03
  0.9100000      2.1562779E-03
  0.9200000      1.5367661E-03
  0.9300000      1.1455333E-03
  0.9400000      2.9304547E-03
  0.9500000      5.7927254E-03
  0.9600000      2.1765260E-03
  0.9700000      9.4621739E-04
  0.9800000      8.7142055E-04
  0.9900000      7.4622961E-04
   1.000000      7.9042552E-04
   1.010000      1.3745337E-03
   1.020000      1.9844882E-03
   1.030000      4.5375247E-03
   1.040000      3.8965272E-03
   1.050000      4.4413344E-03
   1.060000      2.3845155E-03
   1.070000      2.0799129E-03
   1.080000      4.3245060E-03
   1.090000      1.0306837E-02
   1.100000      5.8990633E-03
   1.110000      7.1298722E-03
   1.120000      3.6599550E-03
   1.130000      2.8084572E-03
   1.140000      3.0053498E-03
   1.150000      1.3964121E-02
   1.160000      1.8857900E-02
   1.170000      4.0237486E-02
   1.180000      0.1290330    
   1.190000      6.1996721E-02
   1.200000      1.3808768E-02
   1.210000      2.4824988E-02
   1.220000      1.1120273E-02
   1.230000      1.3623398E-03
   1.240000      1.5068220E-03
   1.250000      2.6221129E-03
   1.260000      1.9105682E-03
   1.270000      5.6606502E-04
   1.280000      3.2162457E-04
   1.290000      1.7701194E-04
   1.300000      1.5247031E-04
   1.310000      1.4587566E-04
   1.320000      2.9053108E-04
   1.330000      1.4693280E-03
   1.340000      3.8140621E-03
   1.350000      4.1125878E-03
   1.360000      3.0614422E-03
   1.370000      1.4218541E-03
   1.380000      4.8847980E-04
   1.390000      2.2046527E-04
   1.400000      1.6035234E-04
   1.410000      1.3740666E-04
   1.420000      1.4151205E-04
   1.430000      1.4506014E-04
   1.440000      1.1988913E-04
   1.450000      1.2135052E-04
   1.460000      1.6921309E-04
   1.470000      2.6327968E-04
   1.480000      4.5213036E-04
   1.490000      7.8888220E-04
   1.500000      8.6644734E-04
   1.510000      4.2901598E-04
   1.520000      1.4571784E-04
   1.530000      9.2519047E-05
   1.540000      5.3343410E-05
   1.550000      5.7379897E-05
   1.560000      1.4819793E-04
   1.570000      6.4847089E-04
   1.580000      2.8508946E-03
   1.590000      6.4605693E-03
   1.600000      6.2384177E-03
   1.610000      3.0655467E-03
   1.620000      1.4664417E-03
   1.630000      1.0573050E-03
   1.640000      1.2248262E-03
   1.650000      2.1272835E-03
   1.660000      4.0392745E-03
   1.670000      6.1550429E-03
   1.680000      9.6192695E-03
   1.690000      1.4521605E-02
   1.700000      1.8301750E-02
   1.710000      1.5594685E-02
   1.720000      8.1953490E-03
   1.730000      3.8701843E-03
   1.740000      2.7149157E-03
   1.750000      2.1758743E-03
   1.760000      1.9213626E-03
   1.770000      1.6857627E-03
   1.780000      1.7561038E-03
   1.790000      1.7390476E-03
   1.800000      1.1323522E-03
   1.810000      5.5257772E-04
   1.820000      4.3070718E-04
   1.830000      7.4244698E-04
   1.840000      1.5192379E-03
   1.850000      3.0342629E-03
   1.860000      5.3711338E-03
   1.870000      8.5832067E-03
   1.880000      1.2696538E-02
   1.890000      1.7938679E-02
   1.900000      2.6368268E-02
   1.910000      3.8420912E-02
   1.920000      4.7927473E-02
   1.930000      5.1275402E-02
   1.940000      5.4974690E-02
   1.950000      6.4258397E-02
   1.960000      7.9418853E-02
   1.970000      9.9100143E-02
   1.980000      0.1174543    
   1.990000      0.1304710    
   2.000000      0.1411562    
   2.010000      0.1524676    
   2.020000      0.1641501    
   2.030000      0.1754455    
   2.040000      0.1862080    
   2.050000      0.1959073    
   2.060000      0.2038808    
   2.070000      0.2098422    
   2.080000      0.2139521    
   2.090000      0.2162941    
   2.100000      0.2166701    
   2.110000      0.2151215    
   2.120000      0.2118041    
   2.130000      0.2068049    
   2.140000      0.2003200    
   2.150000      0.1923915    
   2.160000      0.1829830    
   2.170000      0.1722627    
   2.180000      0.1605773    
   2.190000      0.1481826    
   2.200000      0.1352162    
   2.210000      0.1218608    
   2.220000      0.1084047    
   2.230000      9.5061630E-02
   2.240000      8.1980720E-02
   2.250000      6.9407828E-02
   2.260000      5.7615280E-02
   2.270000      4.6796963E-02
   2.280000      3.7070237E-02
   2.290000      2.8515922E-02
   2.300000      2.1184620E-02
   2.310000      1.5091419E-02
   2.320000      1.0211005E-02
   2.330000      6.4906501E-03
   2.340000      3.8456172E-03
   2.350000      2.1721830E-03
   2.360000      1.3500158E-03
   2.370000      1.2470616E-03
   2.380000      1.7242802E-03
   2.390000      2.6397838E-03
   2.400000      3.8547772E-03
   2.410000      5.2351835E-03
   2.420000      6.6580647E-03
   2.430000      8.0130491E-03
   2.440000      9.2068948E-03
   2.450000      1.0165169E-02
   2.460000      1.0834412E-02
   2.470000      1.1182494E-02
   2.480000      1.1198941E-02
   2.490000      1.0893498E-02
   2.500000      1.0293618E-02
   2.510000      9.4413683E-03
   2.520000      8.3908224E-03
   2.530000      7.2037005E-03
   2.540000      5.9458511E-03
   2.550000      4.6846112E-03
   2.560000      3.4832826E-03
   2.570000      2.4010700E-03
   2.580000      1.4889173E-03
   2.590000      7.8867510E-04
   2.600000      3.3070851E-04
   2.610000      1.3296278E-04
   2.620000      1.9998124E-04
   2.630000      5.2356831E-04
   2.640000      1.0826959E-03
   2.650000      1.8452568E-03
   2.660000      2.7687191E-03
   2.670000      3.8036709E-03
   2.680000      4.8942287E-03
   2.690000      5.9835282E-03
   2.700000      7.0137936E-03
   2.710000      7.9307072E-03
   2.720000      8.6860163E-03
   2.730000      9.2400908E-03
   2.740000      9.5623881E-03
   2.750000      9.6343216E-03
   2.760000      9.4498293E-03
   2.770000      9.0158219E-03
   2.780000      8.3521493E-03
   2.790000      7.4908212E-03
   2.800000      6.4753233E-03
   2.810000      5.3590108E-03
   2.820000      4.2039845E-03
   2.830000      3.0780977E-03
   2.840000      2.0540762E-03
   2.850000      1.2058676E-03
   2.860000      6.0582609E-04
   2.870000      3.2235400E-04
   2.880000      4.1765251E-04
   2.890000      9.4443746E-04
   2.900000      1.9437359E-03
   2.910000      3.4431927E-03
   2.920000      5.4554795E-03
   2.930000      7.9766558E-03
   2.940000      1.0987641E-02
   2.950000      1.4452242E-02
   2.960000      1.8321764E-02
   2.970000      2.2530474E-02
   2.980000      2.7003860E-02
   2.990000      3.1653911E-02
   3.000000      3.6389168E-02
   3.010000      4.1110288E-02
   3.020000      4.5720860E-02
   3.030000      5.0118234E-02
   3.040000      5.4208584E-02
   3.050000      5.7898201E-02
   3.060000      6.1106727E-02
   3.070000      6.3762031E-02
   3.080000      6.5805562E-02
   3.090000      6.7191869E-02
   3.100000      6.7891151E-02
   3.110000      6.7891099E-02
   3.120000      6.7196473E-02
   3.130000      6.5827452E-02
   3.140000      6.3824706E-02
   3.150000      6.1240040E-02
   3.160000      5.8138516E-02
   3.170000      5.4596886E-02
   3.180000      5.0697513E-02
   3.190000      4.6534527E-02
   3.200000      4.2200524E-02
   3.210000      3.7786748E-02
   3.220000      3.3381626E-02
   3.230000      2.9067861E-02
   3.240000      2.4920758E-02
   3.250000      2.1005983E-02
   3.260000      1.7377391E-02
   3.270000      1.4076825E-02
   3.280000      1.1134969E-02
   3.290000      8.5682292E-03
   3.300000      6.3840770E-03
   3.310000      4.5757885E-03
   3.320000      3.1291083E-03
   3.330000      2.0201860E-03
   3.340000      1.2184471E-03
   3.350000      6.8716053E-04
   3.360000      3.8694759E-04
   3.370000      2.7597244E-04
   3.380000      3.1259039E-04
   3.390000      4.5644536E-04
   3.400000      6.7002635E-04
   3.410000      9.1974827E-04
   3.420000      1.1768448E-03
   3.430000      1.4179116E-03
   3.440000      1.6251358E-03
   3.450000      1.7862300E-03
   3.460000      1.8940511E-03
   3.470000      1.9462409E-03
   3.480000      1.9443898E-03
   3.490000      1.8933106E-03
   3.500000      1.7999886E-03
   3.510000      1.6728531E-03
   3.520000      1.5209814E-03
   3.530000      1.3533592E-03
   3.540000      1.1784163E-03
   3.550000      1.0034422E-03
   3.560000      8.3441596E-04
   3.570000      6.7593512E-04
   3.580000      5.3116580E-04
   3.590000      4.0221194E-04
   3.600000      2.9023006E-04
   3.610000      1.9585252E-04
   3.620000      1.1945450E-04
   3.630000      6.1622086E-05
   3.640000      2.3279987E-05
   3.650000      5.9993404E-06
   3.660000      1.1946830E-05
   3.670000      4.3852629E-05
   3.680000      1.0482766E-04
   3.690000      1.9793255E-04
   3.700000      3.2590583E-04
   3.710000      4.9036491E-04
   3.720000      6.9164357E-04
   3.730000      9.2793856E-04
   3.740000      1.1951037E-03
   3.750000      1.4861407E-03
   3.760000      1.7912514E-03
   3.770000      2.0978723E-03
   3.780000      2.3910012E-03
   3.790000      2.6537161E-03
   3.800000      2.8683019E-03
   3.810000      3.0173096E-03
   3.820000      3.0848091E-03
   3.830000      3.0582047E-03
   3.840000      2.9299292E-03
   3.850000      2.6987672E-03
   3.860000      2.3718392E-03
   3.870000      1.9658534E-03
   3.880000      1.5082157E-03
   3.890000      1.0377845E-03
   3.900000      6.0520956E-04
   3.910000      2.7215210E-04
   3.920000      1.1059653E-04
   3.930000      2.0172552E-04
   3.940000      6.3280429E-04
   3.950000      1.4955185E-03
   3.960000      2.8815705E-03
   3.970000      4.8809354E-03
   3.980000      7.5750807E-03
   3.990000      1.1037885E-02
   4.000000      1.5324471E-02
   4.010000      2.0476008E-02
   4.020000      2.6507536E-02
   4.030000      3.3414423E-02
   4.040000      4.1159254E-02
   4.050000      4.9679216E-02
   4.060000      5.8880873E-02
   4.070000      6.8648458E-02
   4.080000      7.8832179E-02
   4.090000      8.9260280E-02
   4.100000      9.9743642E-02
   4.110000      0.1100738    
   4.120000      0.1200386    
   4.130000      0.1294203    
   4.140000      0.1380049    
   4.150000      0.1455946    
   4.160000      0.1519998    
   4.170000      0.1570560    
   4.180000      0.1606367    
   4.190000      0.1626457    
   4.200000      0.1630239    
   4.210000      0.1617505    
   4.220000      0.1588401    
   4.230000      0.1543573    
   4.240000      0.1484026    
   4.250000      0.1411158    
   4.260000      0.1326587    
   4.270000      0.1232233    
   4.280000      0.1130222    
   4.290000      0.1022846    
   4.300000      9.1242976E-02
   4.310000      8.0139294E-02
   4.320000      6.9192395E-02
   4.330000      5.8621071E-02
   4.340000      4.8611306E-02
   4.350000      3.9337210E-02
   4.360000      3.0934559E-02
   4.370000      2.3509830E-02
   4.380000      1.7131533E-02
   4.390000      1.1836608E-02
   4.400000      7.6223388E-03
   4.410000      4.4563506E-03
   4.420000      2.2753263E-03
   4.430000      9.9097600E-04
   4.440000      4.9396715E-04
   4.450000      6.6004298E-04
   4.460000      1.3548512E-03
   4.470000      2.4412069E-03
   4.480000      3.7832418E-03
   4.490000      5.2522225E-03
   4.500000      6.7307581E-03
   4.510000      8.1158942E-03
   4.520000      9.3229655E-03
   4.530000      1.0286802E-02
   4.540000      1.0962535E-02
   4.550000      1.1325913E-02
   4.560000      1.1371820E-02
   4.570000      1.1113171E-02
   4.580000      1.0578205E-02
   4.590000      9.8071285E-03
   4.600000      8.8503836E-03
   4.610000      7.7627734E-03
   4.620000      6.6026077E-03
   4.630000      5.4256869E-03
   4.640000      4.2851530E-03
   4.650000      3.2274178E-03
   4.660000      2.2906819E-03
   4.670000      1.5023194E-03
   4.680000      8.8049169E-04
   4.690000      4.3216281E-04
   4.700000      1.5477400E-04
   4.710000      3.6540874E-05
   4.720000      5.8396370E-05
   4.730000      1.9562637E-04
   4.740000      4.1981583E-04
   4.750000      7.0068846E-04
   4.760000      1.0082902E-03
   4.770000      1.3146183E-03
   4.780000      1.5952059E-03
   4.790000      1.8299150E-03
   4.800000      2.0043226E-03
   4.810000      2.1095804E-03
   4.820000      2.1426231E-03
   4.830000      2.1057581E-03
   4.840000      2.0058635E-03
   4.850000      1.8536105E-03
   4.860000      1.6620843E-03
   4.870000      1.4457920E-03
   4.880000      1.2193025E-03
   4.890000      9.9629490E-04
   4.900000      7.8838586E-04
   4.910000      6.0472585E-04
   4.920000      4.5128257E-04
   4.930000      3.3101087E-04
   4.940000      2.4385672E-04
   4.950000      1.8741710E-04
   4.960000      1.5750580E-04
   4.970000      1.4923100E-04
   4.980000      1.5794388E-04
   4.990000      1.8028480E-04
   5.000000      2.1521712E-04
   5.010000      2.6485487E-04
   5.020000      3.3514525E-04
   5.030000      4.3612384E-04
   5.040000      5.8210903E-04
   5.050000      7.9117721E-04
   5.060000      1.0846292E-03
   5.070000      1.4861060E-03
   5.080000      2.0198277E-03
   5.090000      2.7097657E-03
   5.100000      3.5768813E-03
   5.110000      4.6388456E-03
   5.120000      5.9075383E-03
   5.130000      7.3870588E-03
   5.140000      9.0730144E-03
   5.150000      1.0952684E-02
   5.160000      1.3002113E-02
   5.170000      1.5188443E-02
   5.180000      1.7469432E-02
   5.190000      1.9795142E-02
   5.200000      2.2108171E-02
   5.210000      2.4346638E-02
   5.220000      2.6445664E-02
   5.230000      2.8342584E-02
   5.240000      2.9975442E-02
   5.250000      3.1288818E-02
   5.260000      3.2233920E-02
   5.270000      3.2773841E-02
   5.280000      3.2882370E-02
   5.290000      3.2547720E-02
   5.300000      3.1772994E-02
   5.310000      3.0574497E-02
   5.320000      2.8984750E-02
   5.330000      2.7047947E-02
   5.340000      2.4821103E-02
   5.350000      2.2371432E-02
   5.360000      1.9773392E-02
   5.370000      1.7105170E-02
   5.380000      1.4445740E-02
   5.390000      1.1871810E-02
   5.400000      9.4562434E-03
   5.410000      7.2631636E-03
   5.420000      5.3454130E-03
   5.430000      3.7444287E-03
   5.440000      2.4864303E-03
   5.450000      1.5835607E-03
   5.460000      1.0334210E-03
   5.470000      8.1880839E-04
   5.480000      9.1032527E-04
   5.490000      1.2669684E-03
   5.500000      1.8392035E-03
   5.510000      2.5707001E-03
   5.520000      3.4022932E-03
   5.530000      4.2739711E-03
   5.540000      5.1282719E-03
   5.550000      5.9121484E-03
   5.560000      6.5802303E-03
   5.570000      7.0956321E-03
   5.580000      7.4323160E-03
   5.590000      7.5751157E-03
   5.600000      7.5202296E-03
   5.610000      7.2748982E-03
   5.620000      6.8562333E-03
   5.630000      6.2897364E-03
   5.640000      5.6074960E-03
   5.650000      4.8469412E-03
   5.660000      4.0469812E-03
   5.670000      3.2471472E-03
   5.680000      2.4840645E-03
   5.690000      1.7908103E-03
   5.700000      1.1944859E-03
   5.710000      7.1497587E-04
   5.720000      3.6438499E-04
   5.730000      1.4678187E-04
   5.740000      5.8173948E-05
   5.750000      8.7426110E-05
   5.760000      2.1714091E-04
   5.770000      4.2533351E-04
   5.780000      6.8678817E-04
   5.790000      9.7500207E-04
   5.800000      1.2637923E-03
   5.810000      1.5290218E-03
   5.820000      1.7501479E-03
   5.830000      1.9113121E-03
   5.840000      2.0022094E-03
   5.850000      2.0184650E-03
   5.860000      1.9615761E-03
   5.870000      1.8385722E-03
   5.880000      1.6612306E-03
   5.890000      1.4448898E-03
   5.900000      1.2071150E-03
   5.910000      9.6604455E-04
   5.920000      7.3924492E-04
   5.930000      5.4171809E-04
   5.940000      3.8532977E-04
   5.950000      2.7729207E-04
   5.960000      2.2009367E-04
   5.970000      2.1104545E-04
   5.980000      2.4283811E-04
   5.990000      3.0430534E-04
   6.000000      3.8169575E-04
   6.010000      4.6028805E-04
   6.020000      5.2626175E-04
   6.030000      5.6874618E-04
   6.040000      5.8189762E-04
   6.050000      5.6682271E-04
   6.060000      5.3328462E-04
   6.070000      5.0095672E-04
   6.080000      5.0020136E-04
   6.090000      5.7198084E-04
   6.100000      7.6769531E-04
   6.110000      1.1472570E-03
   6.120000      1.7778680E-03
   6.130000      2.7303384E-03
   6.140000      4.0765638E-03
   6.150000      5.8852751E-03
   6.160000      8.2183611E-03
   6.170000      1.1125810E-02
   6.180000      1.4643755E-02
   6.190000      1.8787853E-02
   6.200000      2.3554824E-02
   6.210000      2.8912311E-02
   6.220000      3.4806237E-02
   6.230000      4.1155636E-02
   6.240000      4.7854315E-02
   6.250000      5.4771736E-02
   6.260000      6.1760627E-02
   6.270000      6.8650693E-02
   6.280000      7.5271614E-02
   6.290000      8.1438482E-02
   6.300000      8.6973779E-02
   6.310000      9.1706686E-02
   6.320000      9.5481992E-02
   6.330000      9.8163217E-02
   6.340000      9.9647328E-02
   6.350000      9.9861003E-02
   6.360000      9.8770425E-02
   6.370000      9.6380152E-02
   6.380000      9.2735939E-02
   6.390000      8.7920822E-02
   6.400000      8.2063295E-02
   6.410000      7.5323150E-02
   6.420000      6.7891091E-02
   6.430000      5.9975766E-02
   6.440000      5.1804740E-02
   6.450000      4.3612573E-02
   6.460000      3.5632756E-02
   6.470000      2.8086333E-02
   6.480000      2.1177093E-02
   6.490000      1.5078041E-02
   6.500000      9.9316426E-03
   6.510000      5.8411444E-03
   6.520000      2.8676626E-03
   6.530000      1.0268949E-03
   6.540000      2.9211122E-04
   6.550000      5.9218891E-04
   6.560000      1.8178959E-03
   6.570000      3.8273390E-03
   6.580000      6.4502680E-03
   6.590000      9.4977217E-03
   6.600000      1.2769395E-02
   6.610000      1.6066240E-02
   6.620000      1.9192072E-02
   6.630000      2.1971121E-02
   6.640000      2.4248136E-02
   6.650000      2.5902128E-02
   6.660000      2.6846070E-02
   6.670000      2.7032889E-02
   6.680000      2.6456598E-02
   6.690000      2.5153428E-02
   6.700000      2.3198565E-02
   6.710000      2.0702317E-02
   6.720000      1.7802475E-02
   6.730000      1.4661356E-02
   6.740000      1.1451444E-02
   6.750000      8.3538732E-03
   6.760000      5.5426867E-03
   6.770000      3.1802366E-03
   6.780000      1.4072022E-03
   6.790000      3.3463602E-04
   6.800000      3.9344483E-05
   6.810000      5.5841944E-04
   6.820000      1.8881336E-03
   6.830000      3.9806687E-03
   6.840000      6.7499788E-03
   6.850000      1.0070589E-02
   6.860000      1.3786736E-02
   6.870000      1.7717309E-02
   6.880000      2.1666998E-02
   6.890000      2.5431585E-02
   6.900000      2.8814454E-02
   6.910000      3.1628028E-02
   6.920000      3.3713233E-02
   6.930000      3.4941711E-02
   6.940000      3.5227891E-02
   6.950000      3.4532119E-02
   6.960000      3.2866843E-02
   6.970000      3.0298533E-02
   6.980000      2.6946738E-02
   6.990000      2.2983162E-02
   7.000000      1.8624809E-02
   7.010000      1.4128137E-02
   7.020000      9.7804442E-03
   7.030000      5.8876467E-03
   7.040000      2.7658748E-03
   7.050000      7.2695507E-04
   7.060000      6.6598070E-05
   7.070000      1.0531727E-03
   7.080000      3.9128312E-03
   7.090000      8.8269664E-03
   7.100000      1.5913423E-02
   7.110000      2.5229979E-02
   7.120000      3.6758240E-02
   7.130000      5.0414801E-02
   7.140000      6.6041842E-02
   7.150000      8.3415084E-02
   7.160000      0.1022390    
   7.170000      0.1221818    
   7.180000      0.1428501    
   7.190000      0.1638281    
   7.200000      0.1846709    
   7.210000      0.2049264    
   7.220000      0.2241531    
   7.230000      0.2419402    
   7.240000      0.2578889    
   7.250000      0.2716666    
   7.260000      0.2829658    
   7.270000      0.2915626    
   7.280000      0.2972885    
   7.290000      0.3000517    
   7.300000      0.2998371    
   7.310000      0.2966915    
   7.320000      0.2907281    
   7.330000      0.2821244    
   7.340000      0.2711093    
   7.350000      0.2579753    
   7.360000      0.2430367    
   7.370000      0.2266448    
   7.380000      0.2091518    
   7.390000      0.1909272    
   7.400000      0.1723342    
   7.410000      0.1537228    
   7.420000      0.1354204    
   7.430000      0.1177275    
   7.440000      0.1008898    
   7.450000      8.5131012E-02
   7.460000      7.0619434E-02
   7.470000      5.7482403E-02
   7.480000      4.5799207E-02
   7.490000      3.5603788E-02
   7.500000      2.6887964E-02
   7.510000      1.9611621E-02
   7.520000      1.3696505E-02
   7.530000      9.0446835E-03
   7.540000      5.5296249E-03
   7.550000      3.0173906E-03
   7.560000      1.3632789E-03
   7.570000      4.2066810E-04
   7.580000      4.4462951E-05
   7.590000      9.7685530E-05
   7.600000      4.5387264E-04
   7.610000      1.0001544E-03
   7.620000      1.6395178E-03
   7.630000      2.2916179E-03
   7.640000      2.8934074E-03
   7.650000      3.3989404E-03
   7.660000      3.7780511E-03
   7.670000      4.0149204E-03
   7.680000      4.1062944E-03
   7.690000      4.0594800E-03
   7.700000      3.8898261E-03
   7.710000      3.6180716E-03
   7.720000      3.2687907E-03
   7.730000      2.8674987E-03
   7.740000      2.4396658E-03
   7.750000      2.0086986E-03
   7.760000      1.5949855E-03
   7.770000      1.2149877E-03
   7.780000      8.8102417E-04
   7.790000      6.0072163E-04
   7.800000      3.7770800E-04
   7.810000      2.1162958E-04
   7.820000      9.9031779E-05
   7.830000      3.3803266E-05
   7.840000      8.0884629E-06
   7.850000      1.3034608E-05
   7.860000      3.9539045E-05
   7.870000      7.8833240E-05
   7.880000      1.2305197E-04
   7.890000      1.6565796E-04
   7.900000      2.0160370E-04
   7.910000      2.2749767E-04
   7.920000      2.4157607E-04
   7.930000      2.4355396E-04
   7.940000      2.3437160E-04
   7.950000      2.1591081E-04
   7.960000      1.9065755E-04
   7.970000      1.6138828E-04
   7.980000      1.3081971E-04
   7.990000      1.0137953E-04
   8.000000      7.4975236E-05
   8.010000      5.2900574E-05
   8.020000      3.5769703E-05
   8.030000      2.3577772E-05
   8.040000      1.5812311E-05
   8.050000      1.1635097E-05
   8.060000      1.0090651E-05
   8.070000      1.0369554E-05
   8.080000      1.2048197E-05
   8.090000      1.5318021E-05
   8.100000      2.1180005E-05
   8.110000      3.1576506E-05
   8.120000      4.9446073E-05
   8.130000      7.8715297E-05
   8.140000      1.2422386E-04
   8.150000      1.9148100E-04
   8.160000      2.8647165E-04
   8.170000      4.1530948E-04
   8.180000      5.8391230E-04
   8.190000      7.9755427E-04
   8.200000      1.0605466E-03
   8.210000      1.3757775E-03
   8.220000      1.7446947E-03
   8.230000      2.1664500E-03
   8.240000      2.6383339E-03
   8.250000      3.1553172E-03
   8.260000      3.7102760E-03
   8.270000      4.2938567E-03
   8.280000      4.8950408E-03
   8.290000      5.5013439E-03
   8.300000      6.0990602E-03
   8.310000      6.6738087E-03
   8.320000      7.2109001E-03
   8.330000      7.6963506E-03
   8.340000      8.1169354E-03
   8.350000      8.4611652E-03
   8.360000      8.7191248E-03
   8.370000      8.8831419E-03
   8.380000      8.9478809E-03
   8.390000      8.9112613E-03
   8.400000      8.7740524E-03
   8.410000      8.5397949E-03
   8.420000      8.2147243E-03
   8.430000      7.8073130E-03
   8.440000      7.3287021E-03
   8.450000      6.7914869E-03
   8.460000      6.2098624E-03
   8.470000      5.5985986E-03
   8.480000      4.9727526E-03
   8.490000      4.3471302E-03
   8.500000      3.7359965E-03
   8.510000      3.1518822E-03
   8.520000      2.6063209E-03
   8.530000      2.1086552E-03
   8.540000      1.6661360E-03
   8.550000      1.2834582E-03
   8.560000      9.6346124E-04
   8.570000      7.0646859E-04
   8.580000      5.1091937E-04
   8.590000      3.7316140E-04
   8.600000      2.8809672E-04
   8.610000      2.4931601E-04
   8.620000      2.4949919E-04
   8.630000      2.8071957E-04
   8.640000      3.3492054E-04
   8.650000      4.0415002E-04
   8.660000      4.8095599E-04
   8.670000      5.5851246E-04
   8.680000      6.3101755E-04
   8.690000      6.9366640E-04
   8.700000      7.4290973E-04
   8.710000      7.7633176E-04
   8.720000      7.9268165E-04
   8.730000      7.9181918E-04
   8.740000      7.7457592E-04
   8.750000      7.4260181E-04
   8.760000      6.9815689E-04
   8.770000      6.4396049E-04
   8.780000      5.8294123E-04
   8.790000      5.1809050E-04
   8.800000      4.5226744E-04
   8.810000      3.8809970E-04
   8.820000      3.2780829E-04
   8.830000      2.7316692E-04
   8.840000      2.2541609E-04
   8.850000      1.8530770E-04
   8.860000      1.5304687E-04
   8.870000      1.2843884E-04
   8.880000      1.1087068E-04
   8.890000      9.9430232E-05
   8.900000      9.2986869E-05
   8.910000      9.0310576E-05
   8.920000      9.0145710E-05
   8.930000      9.1301219E-05
   8.940000      9.2725168E-05
   8.950000      9.3553761E-05
   8.960000      9.3152681E-05
   8.970000      9.1126101E-05
   8.980000      8.7324639E-05
   8.990000      8.1813108E-05
   9.000000      7.4842603E-05
   9.010000      6.6804161E-05
   9.020000      5.8175574E-05
   9.030000      4.9454560E-05
   9.040000      4.1132236E-05
   9.050000      3.3618398E-05
   9.060000      2.7223512E-05
   9.070000      2.2122429E-05
   9.080000      1.8352752E-05
   9.090000      1.5812971E-05
   9.100000      1.4283757E-05
   9.110000      1.3458735E-05
   9.120000      1.2988325E-05
   9.130000      1.2526130E-05
   9.140000      1.1786386E-05
   9.150000      1.0594164E-05
   9.160000      8.9361238E-06
   9.170000      7.0022288E-06
   9.180000      5.2177202E-06
   9.190000      4.2506499E-06
   9.200000      5.0204385E-06
   9.210000      8.6705468E-06
   9.220000      1.6542544E-05
   9.230000      3.0110743E-05
   9.240000      5.0926734E-05
   9.250000      8.0532976E-05
   9.260000      1.2037242E-04
   9.270000      1.7171890E-04
   9.280000      2.3556635E-04
   9.290000      3.1253198E-04
   9.300000      4.0287201E-04
   9.310000      5.0626596E-04
   9.320000      6.2198495E-04
   9.330000      7.4863876E-04
   9.340000      8.8446145E-04
   9.350000      1.0271084E-03
   9.360000      1.1737862E-03
   9.370000      1.3212906E-03
   9.380000      1.4662803E-03
   9.390000      1.6051093E-03
   9.400000      1.7342676E-03
   9.410000      1.8502291E-03
   9.420000      1.9496547E-03
   9.430000      2.0296015E-03
   9.440000      2.0876066E-03
   9.450000      2.1217570E-03
   9.460000      2.1308502E-03
   9.470000      2.1142904E-03
   9.480000      2.0722935E-03
   9.490000      2.0057382E-03
   9.500000      1.9163270E-03
   9.510000      1.8063766E-03
   9.520000      1.6787642E-03
   9.530000      1.5369990E-03
   9.540000      1.3847648E-03
   9.550000      1.2260736E-03
   9.560000      1.0650262E-03
   9.570000      9.0569112E-04
   9.580000      7.5199315E-04
   9.590000      6.0744601E-04
   9.600000      4.7515851E-04
   9.610000      3.5770840E-04
   9.620000      2.5709087E-04
   9.630000      1.7459788E-04
   9.640000      1.1088957E-04
   9.650000      6.5882101E-05
   9.660000      3.8895356E-05
   9.670000      2.8608965E-05
   9.680000      3.3196036E-05
   9.690000      5.0401137E-05
   9.700000      7.7626784E-05
   9.710000      1.1209703E-04
   9.720000      1.5090482E-04
   9.730000      1.9122276E-04
   9.740000      2.3034116E-04
   9.750000      2.6584015E-04
   9.760000      2.9563758E-04
   9.770000      3.1808016E-04
   9.780000      3.3198413E-04
   9.790000      3.3669543E-04
   9.800000      3.3207817E-04
   9.810000      3.1850926E-04
   9.820000      2.9684207E-04
   9.830000      2.6832224E-04
   9.840000      2.3456477E-04
   9.850000      1.9743714E-04
   9.860000      1.5897110E-04
   9.870000      1.2125939E-04
   9.880000      8.6377506E-05
   9.890000      5.6248697E-05
   9.900000      3.2586751E-05
   9.910000      1.6806882E-05
   9.920000      9.9608105E-06
   9.930000      1.2693918E-05
   9.940000      2.5221329E-05
   9.950000      4.7288031E-05
   9.960000      7.8233679E-05
   9.970000      1.1696938E-04
   9.980000      1.6205515E-04
   9.990000      2.1171832E-04
   10.00000      2.6400929E-04
   10.01000      3.1672098E-04
   10.02000      3.6796837E-04
   10.03000      4.1539682E-04
   10.04000      4.5709132E-04
   10.05000      4.9121829E-04
   10.06000      5.1630673E-04
   10.07000      5.3126155E-04
   10.08000      5.3535961E-04
   10.09000      5.2834617E-04
   10.10000      5.1047921E-04
   10.11000      4.8241596E-04
   10.12000      4.4525659E-04
   10.13000      4.0054269E-04
   10.14000      3.5021367E-04
   10.15000      2.9641928E-04
   10.16000      2.4173419E-04
   10.17000      1.8872342E-04
   10.18000      1.4015310E-04
   10.19000      9.8760065E-05
   10.20000      6.7102039E-05
   10.21000      4.7676811E-05
   10.22000      4.2609896E-05
   10.23000      5.3780026E-05
   10.24000      8.2660044E-05
   10.25000      1.3026223E-04
   10.26000      1.9731236E-04
   10.27000      2.8377859E-04
   10.28000      3.8949467E-04
   10.29000      5.1363878E-04
   10.30000      6.5487373E-04
   10.31000      8.1171811E-04
   10.32000      9.8171167E-04
   10.33000      1.1629214E-03
   10.34000      1.3523289E-03
   10.35000      1.5472833E-03
   10.36000      1.7451217E-03
   10.37000      1.9422759E-03
   10.38000      2.1363590E-03
   10.39000      2.3240647E-03
   10.40000      2.5028808E-03
   10.41000      2.6700639E-03
   10.42000      2.8231135E-03
   10.43000      2.9597993E-03
   10.44000      3.0783995E-03
   10.45000      3.1770011E-03
   10.46000      3.2545817E-03
   10.47000      3.3099439E-03
   10.48000      3.3426557E-03
   10.49000      3.3523282E-03
   10.50000      3.3391402E-03
   10.51000      3.3033073E-03
   10.52000      3.2459151E-03
   10.53000      3.1677010E-03
   10.54000      3.0701754E-03
   10.55000      2.9546523E-03
   10.56000      2.8228080E-03
   10.57000      2.6769305E-03
   10.58000      2.5192695E-03
   10.59000      2.3518694E-03
   10.60000      2.1777286E-03
   10.61000      1.9985191E-03
   10.62000      1.8173569E-03
   10.63000      1.6362141E-03
   10.64000      1.4577942E-03
   10.65000      1.2839547E-03
   10.66000      1.1171893E-03
   10.67000      9.5885352E-04
   10.68000      8.1107317E-04
   10.69000      6.7488907E-04
   10.70000      5.5163680E-04
   10.71000      4.4202639E-04
   10.72000      3.4643189E-04
   10.73000      2.6510956E-04
   10.74000      1.9767482E-04
   10.75000      1.4374158E-04
   10.76000      1.0234206E-04
   10.77000      7.2463532E-05
   10.78000      5.2733474E-05
   10.79000      4.1716841E-05
   10.80000      3.7814109E-05
   10.81000      3.9369352E-05
   10.82000      4.4761022E-05
   10.83000      5.2401985E-05
   10.84000      6.0816012E-05
   10.85000      6.8737834E-05
   10.86000      7.5074859E-05
   10.87000      7.9044330E-05
   10.88000      8.0113503E-05
   10.89000      7.8057608E-05
   10.90000      7.2947420E-05
   10.91000      6.5122331E-05
   10.92000      5.5193512E-05
   10.93000      4.3938711E-05
   10.94000      3.2362284E-05
   10.95000      2.1505464E-05
   10.96000      1.2491530E-05
   10.97000      6.4014635E-06
   10.98000      4.2064339E-06
   10.99000      6.7264396E-06
   11.00000      1.4519874E-05
   11.01000      2.7913320E-05
   11.02000      4.6848199E-05
   11.03000      7.1041191E-05
   11.04000      9.9738347E-05
   11.05000      1.3198161E-04
   11.06000      1.6646738E-04
   11.07000      2.0164353E-04
   11.08000      2.3585043E-04
   11.09000      2.6731298E-04
   11.10000      2.9418650E-04
   11.11000      3.1484701E-04
   11.12000      3.2777927E-04
   11.13000      3.3186897E-04
   11.14000      3.2637897E-04
   11.15000      3.1116008E-04
   11.16000      2.8649176E-04
   11.17000      2.5347841E-04
   11.18000      2.1363281E-04
   11.19000      1.6938562E-04
   11.20000      1.2352696E-04
   11.21000      7.9653968E-05
   11.22000      4.1691994E-05
   11.23000      1.4138897E-05
   11.24000      1.5803115E-06
   11.25000      8.8621537E-06
   11.26000      4.0617775E-05
   11.27000      1.0142393E-04
   11.28000      1.9510782E-04
   11.29000      3.2528557E-04
   11.30000      4.9432542E-04
   11.31000      7.0423831E-04
   11.32000      9.5556834E-04
   11.33000      1.2479131E-03
   11.34000      1.5789553E-03
   11.35000      1.9480066E-03
   11.36000      2.3494530E-03
   11.37000      2.7788715E-03
   11.38000      3.2292102E-03
   11.39000      3.6933457E-03
   11.40000      4.1636135E-03
   11.41000      4.6315305E-03
   11.42000      5.0881393E-03
   11.43000      5.5251382E-03
   11.44000      5.9330175E-03
   11.45000      6.3045570E-03
   11.46000      6.6309227E-03
   11.47000      6.9061243E-03
   11.48000      7.1238927E-03
   11.49000      7.2792144E-03
   11.50000      7.3689502E-03
   11.51000      7.3911711E-03
   11.52000      7.3454077E-03
   11.53000      7.2328551E-03
   11.54000      7.0561897E-03
   11.55000      6.8187369E-03
   11.56000      6.5268357E-03
   11.57000      6.1862208E-03
   11.58000      5.8042393E-03
   11.59000      5.3888671E-03
   11.60000      4.9484232E-03
   11.61000      4.4915257E-03
   11.62000      4.0275562E-03
   11.63000      3.5639771E-03
   11.64000      3.1099098E-03
   11.65000      2.6722774E-03
   11.66000      2.2582286E-03
   11.67000      1.8735009E-03
   11.68000      1.5219343E-03
   11.69000      1.2077001E-03
   11.70000      9.3262602E-04
   11.71000      6.9794379E-04
   11.72000      5.0341833E-04
   11.73000      3.4808731E-04
   11.74000      2.2984215E-04
   11.75000      1.4610199E-04
   11.76000      9.3169721E-05
   11.77000      6.7162211E-05
   11.78000      6.3660023E-05
   11.79000      7.8106284E-05
   11.80000      1.0586118E-04
   11.81000      1.4247760E-04
   11.82000      1.8370991E-04
   11.83000      2.2576496E-04
   11.84000      2.6533441E-04
   11.85000      2.9966718E-04
   11.86000      3.2664245E-04
   11.87000      3.4479541E-04
   11.88000      3.5322076E-04
   11.89000      3.5170457E-04
   11.90000      3.4054223E-04
   11.91000      3.2060657E-04
   11.92000      2.9310962E-04
   11.93000      2.5974680E-04
   11.94000      2.2231112E-04
   11.95000      1.8286314E-04
   11.96000      1.4338437E-04
   11.97000      1.0581316E-04
   11.98000      7.2040260E-05
   11.99000      4.3578220E-05
   12.00000      2.1773980E-05
   12.01000      7.5620987E-06
   12.02000      1.5308552E-06
   12.03000      3.8935113E-06
   12.04000      1.4420408E-05
   12.05000      3.2556458E-05
   12.06000      5.7302976E-05
   12.07000      8.7477572E-05
   12.08000      1.2149256E-04
   12.09000      1.5768570E-04
   12.10000      1.9429043E-04
   12.11000      2.2944323E-04
   12.12000      2.6147903E-04
   12.13000      2.8867269E-04
   12.14000      3.0968536E-04
   12.15000      3.2333590E-04
   12.16000      3.2884441E-04
   12.17000      3.2575981E-04
   12.18000      3.1406592E-04
   12.19000      2.9420046E-04
   12.20000      2.6699994E-04
   12.21000      2.3387039E-04
   12.22000      1.9635358E-04
   12.23000      1.5657689E-04
   12.24000      1.1674695E-04
   12.25000      7.9476995E-05
   12.26000      4.7327219E-05
   12.27000      2.3108723E-05
   12.28000      9.3728822E-06
   12.29000      8.7040762E-06
   12.30000      2.3351005E-05
   12.31000      5.5262466E-05
   12.32000      1.0586580E-04
   12.33000      1.7623621E-04
   12.34000      2.6667549E-04
   12.35000      3.7711271E-04
   12.36000      5.0656736E-04
   12.37000      6.5384590E-04
   12.38000      8.1659690E-04
   12.39000      9.9286495E-04
   12.40000      1.1787853E-03
   12.41000      1.3716364E-03
   12.42000      1.5668480E-03
   12.43000      1.7608370E-03
   12.44000      1.9493885E-03
   12.45000      2.1278991E-03
   12.46000      2.2927201E-03
   12.47000      2.4395962E-03
   12.48000      2.5652957E-03
   12.49000      2.6670352E-03
   12.50000      2.7422837E-03
   12.51000      2.7895174E-03
   12.52000      2.8076845E-03
   12.53000      2.7964371E-03
   12.54000      2.7560003E-03
   12.55000      2.6877404E-03
   12.56000      2.5933115E-03
   12.57000      2.4751553E-03
   12.58000      2.3363815E-03
   12.59000      2.1800087E-03
   12.60000      2.0102488E-03
   12.61000      1.8307724E-03
   12.62000      1.6456930E-03
   12.63000      1.4591208E-03
   12.64000      1.2744509E-03
   12.65000      1.0955934E-03
   12.66000      9.2535181E-04
   12.67000      7.6651346E-04
   12.68000      6.2120339E-04
   12.69000      4.9102237E-04
   12.70000      3.7707150E-04
   12.71000      2.7987082E-04
   12.72000      1.9927355E-04
   12.73000      1.3490298E-04
   12.74000      8.5755164E-05
   12.75000      5.0424474E-05
   12.76000      2.7353597E-05
   12.77000      1.4671377E-05
   12.78000      1.0502892E-05
   12.79000      1.2917300E-05
   12.80000      2.0039313E-05
   12.81000      3.0156176E-05
   12.82000      4.1698731E-05
   12.83000      5.3365988E-05
   12.84000      6.4046566E-05
   12.85000      7.2965006E-05
   12.86000      7.9558391E-05
   12.87000      8.3552324E-05
   12.88000      8.4882064E-05
   12.89000      8.3686551E-05
   12.90000      8.0252074E-05
   12.91000      7.4984375E-05
   12.92000      6.8331246E-05
   12.93000      6.0775692E-05
   12.94000      5.2775522E-05
   12.95000      4.4746848E-05
   12.96000      3.7023070E-05
   12.97000      2.9882431E-05
   12.98000      2.3469014E-05
   12.99000      1.7902290E-05
   13.00000      1.3196176E-05
   13.01000      9.3179660E-06
   13.02000      6.2160707E-06
   13.03000      3.8112539E-06
   13.04000      2.0448017E-06
   13.05000      9.0008564E-07
   13.06000      3.9773269E-07
   13.07000      6.2199530E-07
   13.08000      1.7017361E-06
   13.09000      3.8234293E-06
   13.10000      7.1878203E-06
   13.11000      1.2019265E-05
   13.12000      1.8490262E-05
   13.13000      2.6741078E-05
   13.14000      3.6810368E-05
   13.15000      4.8614878E-05
   13.16000      6.1946419E-05
   13.17000      7.6414923E-05
   13.18000      9.1490350E-05
   13.19000      1.0649150E-04
   13.20000      1.2060346E-04
   13.21000      1.3292105E-04
   13.22000      1.4252240E-04
   13.23000      1.4849362E-04
   13.24000      1.5006290E-04
   13.25000      1.4665000E-04
   13.26000      1.3798807E-04
   13.27000      1.2420060E-04
   13.28000      1.0590488E-04
   13.29000      8.4223931E-05
   13.30000      6.0888382E-05
   13.31000      3.8254897E-05
   13.32000      1.9301688E-05
   13.33000      7.6025767E-06
   13.34000      7.2737116E-06
   13.35000      2.2896378E-05
   13.36000      5.9337799E-05
   13.37000      1.2165309E-04
   13.38000      2.1484733E-04
   13.39000      3.4354031E-04
   13.40000      5.1226845E-04
   13.41000      7.2412286E-04
   13.42000      9.8208676E-04
   13.43000      1.2874525E-03
   13.44000      1.6404507E-03
   13.45000      2.0402160E-03
   13.46000      2.4838399E-03
   13.47000      2.9670477E-03
   13.48000      3.4850349E-03
   13.49000      4.0291268E-03
   13.50000      4.5922203E-03
   13.51000      5.1637725E-03
   13.52000      5.7330132E-03
   13.53000      6.2890234E-03
   13.54000      6.8186563E-03
   13.55000      7.3112156E-03
   13.56000      7.7547589E-03
   13.57000      8.1392620E-03
   13.58000      8.4549775E-03
   13.59000      8.6934548E-03
   13.60000      8.8485014E-03
   13.61000      8.9154206E-03
   13.62000      8.8920305E-03
   13.63000      8.7775737E-03
   13.64000      8.5743777E-03
   13.65000      8.2863672E-03
   13.66000      7.9201153E-03
   13.67000      7.4844714E-03
   13.68000      6.9884420E-03
   13.69000      6.4449161E-03
   13.70000      5.8655771E-03
   13.71000      5.2631963E-03
   13.72000      4.6519190E-03
   13.73000      4.0428829E-03
   13.74000      3.4502260E-03
   13.75000      2.8837598E-03
   13.76000      2.3548875E-03
   13.77000      1.8706830E-03
   13.78000      1.4381745E-03
   13.79000      1.0625921E-03
   13.80000      7.4706116E-04
   13.81000      4.9193879E-04
   13.82000      2.9682950E-04
   13.83000      1.5801132E-04
   13.84000      7.1389222E-05
   13.85000      3.1335483E-05
   13.86000      3.1210639E-05
   13.87000      6.3805244E-05
   13.88000      1.2126897E-04
   13.89000      1.9604033E-04
   13.90000      2.8048755E-04
   13.91000      3.6760361E-04
   13.92000      4.5126639E-04
   13.93000      5.2594417E-04
   13.94000      5.8765430E-04
   13.95000      6.3321728E-04
   13.96000      6.6087808E-04
   13.97000      6.6994625E-04
   13.98000      6.6081609E-04
   13.99000      6.3488033E-04
   14.00000      5.9408613E-04
   14.01000      5.4137869E-04
   14.02000      4.7966180E-04
   14.03000      4.1250853E-04
   14.04000      3.4317645E-04
   14.05000      2.7481886E-04
   14.06000      2.1049846E-04
   14.07000      1.5247174E-04
   14.08000      1.0282135E-04
   14.09000      6.2709900E-05
   14.10000      3.2767024E-05
   14.11000      1.3101493E-05
   14.12000      3.1868324E-06
   14.13000      2.0686325E-06
   14.14000      8.3790737E-06
   14.15000      2.0522271E-05
   14.16000      3.6689929E-05
   14.17000      5.5082768E-05
   14.18000      7.3959025E-05
   14.19000      9.1727838E-05
   14.20000      1.0710366E-04
   14.21000      1.1905600E-04
   14.22000      1.2695292E-04
   14.23000      1.3047950E-04
   14.24000      1.2968428E-04
   14.25000      1.2488943E-04
   14.26000      1.1668942E-04
   14.27000      1.0583366E-04
   14.28000      9.3178351E-05
   14.29000      7.9611869E-05
   14.30000      6.5992943E-05
   14.31000      5.3068077E-05
   14.32000      4.1454015E-05
   14.33000      3.1555621E-05
   14.34000      2.3618097E-05
   14.35000      1.7679338E-05
   14.36000      1.3624085E-05
   14.37000      1.1224178E-05
   14.38000      1.0181280E-05
   14.39000      1.0220338E-05
   14.40000      1.1131086E-05
   14.41000      1.2847564E-05
   14.42000      1.5506486E-05
   14.43000      1.9489646E-05
   14.44000      2.5467296E-05
   14.45000      3.4389497E-05
   14.46000      4.7485944E-05
   14.47000      6.6226457E-05
   14.48000      9.2214737E-05
   14.49000      1.2725023E-04
   14.50000      1.7291194E-04
   14.51000      2.3090931E-04
   14.52000      3.0245044E-04
   14.53000      3.8861608E-04
   14.54000      4.8992079E-04
   14.55000      6.0632301E-04
   14.56000      7.3707796E-04
   14.57000      8.8110252E-04
   14.58000      1.0359134E-03
   14.59000      1.1993250E-03
   14.60000      1.3674787E-03
   14.61000      1.5365306E-03
   14.62000      1.7023832E-03
   14.63000      1.8597238E-03
   14.64000      2.0044665E-03
   14.65000      2.1323115E-03
   14.66000      2.2385265E-03
   14.67000      2.3196612E-03
   14.68000      2.3723270E-03
   14.69000      2.3943910E-03
   14.70000      2.3842903E-03
   14.71000      2.3417810E-03
   14.72000      2.2674073E-03
   14.73000      2.1633659E-03
   14.74000      2.0323184E-03
   14.75000      1.8782121E-03
   14.76000      1.7056151E-03
   14.77000      1.5196664E-03
   14.78000      1.3261609E-03
   14.79000      1.1308206E-03
   14.80000      9.3932514E-04
   14.81000      7.5715996E-04
   14.82000      5.8939634E-04
   14.83000      4.4023688E-04
   14.84000      3.1339651E-04
   14.85000      2.1114346E-04
   14.86000      1.3508799E-04
   14.87000      8.5525309E-05
   14.88000      6.1703788E-05
   14.89000      6.1826948E-05
   14.90000      8.3155450E-05
   14.91000      1.2230250E-04
   14.92000      1.7520165E-04
   14.93000      2.3749491E-04
   14.94000      3.0467342E-04
   14.95000      3.7219128E-04
   14.96000      4.3598114E-04
   14.97000      4.9208844E-04
   14.98000      5.3752761E-04
   14.99000      5.6979602E-04
   15.00000      5.8737496E-04
   15.01000      5.8956753E-04
   15.02000      5.7659450E-04
   15.03000      5.4945570E-04
   15.04000      5.0987717E-04
   15.05000      4.6015915E-04
   15.06000      4.0299931E-04
   15.07000      3.4142847E-04
   15.08000      2.7853934E-04
   15.09000      2.1721057E-04
   15.10000      1.6035527E-04
   15.11000      1.1015962E-04
   15.12000      6.8635294E-05
   15.13000      3.6960137E-05
   15.14000      1.5766611E-05
   15.15000      5.0705839E-06
   15.16000      4.2074521E-06
   15.17000      1.2021324E-05
   15.18000      2.6871941E-05
   15.19000      4.6893223E-05
   15.20000      6.9926049E-05
   15.21000      9.3892879E-05
   15.22000      1.1672118E-04
   15.23000      1.3661351E-04
   15.24000      1.5211159E-04
   15.25000      1.6214293E-04
   15.26000      1.6614463E-04
   15.27000      1.6401807E-04
   15.28000      1.5616120E-04
   15.29000      1.4335824E-04
   15.30000      1.2678221E-04
   15.31000      1.0780347E-04
   15.32000      8.7901608E-05
   15.33000      6.8576883E-05
   15.34000      5.1124654E-05
   15.35000      3.6678055E-05
   15.36000      2.5977390E-05
   15.37000      1.9413139E-05
   15.38000      1.6930466E-05
   15.39000      1.8078128E-05
   15.40000      2.2058268E-05
   15.41000      2.7793641E-05
   15.42000      3.4079127E-05
   15.43000      3.9718252E-05
   15.44000      4.3720789E-05
   15.45000      4.5465124E-05
   15.46000      4.4884902E-05
   15.47000      4.2616655E-05
   15.48000      4.0126641E-05
   15.49000      3.9844337E-05
   15.50000      4.5139441E-05
   15.51000      6.0382430E-05
   15.52000      9.0687732E-05
   15.53000      1.4211476E-04
   15.54000      2.2080186E-04
   15.55000      3.3355967E-04
   15.56000      4.8662309E-04
   15.57000      6.8620942E-04
   15.58000      9.3719212E-04
   15.59000      1.2439992E-03
   15.60000      1.6081666E-03
   15.61000      2.0320453E-03
   15.62000      2.5119386E-03
   15.63000      3.0459559E-03
   15.64000      3.6261743E-03
   15.65000      4.2443839E-03
   15.66000      4.8902635E-03
   15.67000      5.5487389E-03
   15.68000      6.2067923E-03
   15.69000      6.8463171E-03
   15.70000      7.4514099E-03
   15.71000      8.0042155E-03
   15.72000      8.4886439E-03
   15.73000      8.8897105E-03
   15.74000      9.1933366E-03
   15.75000      9.3877427E-03
   15.76000      9.4643226E-03
   15.77000      9.4178338E-03
   15.78000      9.2470469E-03
   15.79000      8.9541692E-03
   15.80000      8.5459128E-03
   15.81000      8.0317296E-03
   15.82000      7.4263453E-03
   15.83000      6.7460798E-03
   15.84000      6.0104704E-03
   15.85000      5.2409628E-03
   15.86000      4.4589476E-03
   15.87000      3.6873689E-03
   15.88000      2.9481445E-03
   15.89000      2.2613255E-03
   15.90000      1.6452774E-03
   15.91000      1.1158511E-03
   15.92000      6.8478420E-04
   15.93000      3.6054649E-04
   15.94000      1.4647488E-04
   15.95000      4.2371750E-05
   15.96000      4.2961557E-05
   15.97000      1.3924198E-04
   15.98000      3.1812873E-04
   15.99000      5.6461443E-04
   16.00000      8.6018239E-04
   16.01000      1.1858469E-03
   16.02000      1.5210616E-03
   16.03000      1.8467152E-03
   16.04000      2.1434594E-03
   16.05000      2.3955978E-03
   16.06000      2.5883513E-03
   16.07000      2.7121045E-03
   16.08000      2.7599507E-03
   16.09000      2.7300057E-03
   16.10000      2.6237266E-03
   16.11000      2.4478696E-03
   16.12000      2.2115116E-03
   16.13000      1.9285886E-03
   16.14000      1.6140380E-03
   16.15000      1.2856333E-03
   16.16000      9.6159126E-04
   16.17000      6.6072890E-04
   16.18000      3.9990249E-04
   16.19000      1.9576366E-04
   16.20000      6.0743674E-05
   16.21000      5.1102365E-06
   16.22000      3.4152323E-05
   16.23000      1.4972409E-04
   16.24000      3.4746519E-04
   16.25000      6.2071806E-04
   16.26000      9.5843105E-04
   16.27000      1.3442857E-03
   16.28000      1.7612552E-03
   16.29000      2.1878043E-03
   16.30000      2.6030191E-03
   16.31000      2.9851436E-03
   16.32000      3.3131773E-03
   16.33000      3.5689566E-03
   16.34000      3.7366992E-03
   16.35000      3.8054751E-03
   16.36000      3.7688171E-03
   16.37000      3.6260092E-03
   16.38000      3.3818856E-03
   16.39000      3.0472653E-03
   16.40000      2.6386697E-03
   16.41000      2.1776217E-03
   16.42000      1.6906455E-03
   16.43000      1.2085501E-03
   16.44000      7.6413527E-04
   16.45000      3.9316417E-04
   16.46000      1.3027524E-04
   16.47000      1.0265867E-05
   16.48000      6.4462132E-05
   16.49000      3.2088580E-04
   16.50000      8.0162275E-04
   16.51000      1.5225367E-03
   16.52000      2.4945389E-03
   16.53000      3.7183715E-03
   16.54000      5.1885317E-03
   16.55000      6.8918876E-03
   16.56000      8.8041304E-03
   16.57000      1.0901212E-02
   16.58000      1.3139871E-02
   16.59000      1.5483730E-02
   16.60000      1.7883861E-02
   16.61000      2.0289471E-02
   16.62000      2.2654498E-02
   16.63000      2.4920609E-02
   16.64000      2.7044624E-02
   16.65000      2.8976083E-02
   16.66000      3.0675381E-02
   16.67000      3.2106500E-02
   16.68000      3.3238851E-02
   16.69000      3.4048840E-02
   16.70000      3.4521665E-02
   16.71000      3.4650113E-02
   16.72000      3.4435660E-02
   16.73000      3.3888683E-02
   16.74000      3.3025760E-02
   16.75000      3.1867713E-02
   16.76000      3.0449979E-02
   16.77000      2.8804103E-02
   16.78000      2.6973275E-02
   16.79000      2.4998927E-02
   16.80000      2.2919033E-02
   16.81000      2.0779761E-02
   16.82000      1.8619528E-02
   16.83000      1.6478505E-02
   16.84000      1.4394352E-02
   16.85000      1.2397911E-02
   16.86000      1.0517951E-02
   16.87000      8.7753795E-03
   16.88000      7.1880654E-03
   16.89000      5.7681208E-03
   16.90000      4.5199990E-03
   16.91000      3.4466370E-03
   16.92000      2.5435369E-03
   16.93000      1.8028906E-03
   16.94000      1.2138985E-03
   16.95000      7.6304440E-04
   16.96000      4.3536315E-04
   16.97000      2.1452059E-04
   16.98000      8.2672283E-05
   16.99000      2.2978888E-05
   17.00000      1.8460747E-05
